Year,Country of origin,Country of origin (ISO),Continent of Origin,Life Expectancy (Year) - O ,Death Rate (Crude) per 1k - O ,Birth Rate (Crude) Per 1k- O,% Crop Production to '14-16 - A,Country of asylum,Population - A,Gov Education Budget (% of) - A,Life Expectancy (Year) - A,% Male (Pop) - Difference,% <$1.90 a day - A,GDP LCU (T) Difference,Distance (KM),Decisions % - O,Decisions Per 100k
2000,Bulgaria,BGR,Europe,71.66,0.14,9,0.61,Argentina,36870796,0.16,73.58,1,0.07,0.11,"11,934",0,0.06
2000,Bulgaria,BGR,Europe,71.66,0.14,9,0.85,Australia,19153000,0.13,79.23,0.98,0,0.05,"15,341",0,0.87
2000,Czechia,CZE,Europe,74.97,0.11,8.9,0.85,Australia,19153000,0.13,79.23,0.98,0,2.68,"15,341",0,0.08
2000,Bulgaria,BGR,Europe,71.66,0.14,9,1.01,Austria,8011566,0.11,78.13,1,0,0.19,818,0,0.76
2000,Czechia,CZE,Europe,74.97,0.11,8.9,1.01,Austria,8011566,0.11,78.13,1,0,11.07,818,0,0.1
2000,Bulgaria,BGR,Europe,71.66,0.14,9,0.97,Belgium,10251250,0,77.72,1,0,0.16,"1,698",0,0.24
2000,Czechia,CZE,Europe,74.97,0.11,8.9,0.97,Belgium,10251250,0,77.72,0.99,0,9.42,"1,698",0,0.05
2000,Bulgaria,BGR,Europe,71.66,0.14,9,0.69,Canada,30685730,0.13,79.14,0.98,0,0.04,"7,371",0,10.43
2000,Czechia,CZE,Europe,74.97,0.11,8.9,0.69,Canada,30685730,0.13,79.14,0.98,0,2.32,"7,371",0,6.55
2000,Bulgaria,BGR,Europe,71.66,0.14,9,0.92,Czechia,10255063,0.09,74.97,1,0,0.02,"1,065",0,1.73
2000,Bulgaria,BGR,Europe,71.66,0.14,9,0.92,Denmark,5339616,0.15,76.59,0.98,0,0.03,"1,637",0,0.15
2000,Bulgaria,BGR,Europe,71.66,0.14,9,1.09,Finland,5176209,0.12,77.47,1,0,0.3,"1,946",0,0.32
2000,Bulgaria,BGR,Europe,71.66,0.14,9,1.02,France,60912500,0,79.06,1,0,0.03,"1,758",0,1.58
2000,Bulgaria,BGR,Europe,71.66,0.14,9,0.99,United Kingdom of Great Britain and Northern Ireland,58892514,0.12,77.74,1,0,0.04,"2,015",0,0.24
2000,Czechia,CZE,Europe,74.97,0.11,8.9,0.99,United Kingdom of Great Britain and Northern Ireland,58892514,0.12,77.74,1,0,2.05,"2,015",0,0.2
2000,Bulgaria,BGR,Europe,71.66,0.14,9,1.01,Germany,82211508,0,77.93,1,0,0.02,"1,319",0,0.15
2000,Czechia,CZE,Europe,74.97,0.11,8.9,1.01,Germany,82211508,0,77.93,1,0,1.22,"1,319",0,0.21
2000,Czechia,CZE,Europe,74.97,0.11,8.9,0.97,Ireland,3805174,0.14,76.54,0.98,0,21.76,"2,474",0,0.05
2000,Bulgaria,BGR,Europe,71.66,0.14,9,1.16,Italy,56942108,0.09,79.78,1.01,0.01,0.03,895,0,0.22
2000,Bulgaria,BGR,Europe,71.66,0.14,9,0.51,Morocco,28793672,0,68.68,0.98,0.06,0.12,"2,784",0,0.11
2000,Czechia,CZE,Europe,74.97,0.11,8.9,0.51,Morocco,28793672,0,68.68,0.98,0.06,6.78,"2,784",0,0.14
2000,Bulgaria,BGR,Europe,71.66,0.14,9,0.97,Netherlands,15925513,0.11,77.99,0.98,0,0.09,"1,745",0,1.22
2000,Czechia,CZE,Europe,74.97,0.11,8.9,0.97,Netherlands,15925513,0.11,77.99,0.98,0,5.35,"1,745",0,1.33
2000,Bulgaria,BGR,Europe,71.66,0.14,9,0.95,Norway,4490967,0.16,78.63,0.98,0,0.02,"2,096",0,0.15
2000,Czechia,CZE,Europe,74.97,0.11,8.9,0.78,New Zealand,3857700,0,78.64,0.99,0,18.19,"17,662",0,0.05
2000,Bulgaria,BGR,Europe,71.66,0.14,9,0.61,Peru,26459944,0.15,71.11,0.98,0.16,0.24,"11,754",0,0.11
2000,Czechia,CZE,Europe,74.97,0.11,8.9,0.61,Peru,26459944,0.15,71.11,0.98,0.16,13.98,"11,754",0,0.05
2000,Bulgaria,BGR,Europe,71.66,0.14,9,0.9,South Africa,44967713,0,56.05,0.99,0.35,0.02,"7,627",0,2.7
2000,Bulgaria,BGR,Europe,71.66,0.14,9,0.95,Spain,40567864,0.11,78.97,0.99,0.01,0.06,"2,253",0,0.06
2000,Bulgaria,BGR,Europe,71.66,0.14,9,0.73,Slovakia,5388720,0.07,73.05,1,0,1.24,776,0,0.1
2000,Bulgaria,BGR,Europe,71.66,0.14,9,0.76,Eswatini,1005432,0.19,47.49,1.01,0.49,2.22,"7,716",0,0.06
2000,Bulgaria,BGR,Europe,71.66,0.14,9,0.92,Sweden,8872109,0.13,79.64,0.99,0,0.02,"1,884",0,8.05
2000,Czechia,CZE,Europe,74.97,0.11,8.9,0.92,Sweden,8872109,0.13,79.64,0.98,0,1.01,"1,884",0,0.27
2000,Bulgaria,BGR,Europe,71.66,0.14,9,1.22,Switzerland,7184250,0.14,79.68,1,0,0.1,"1,336",0,0.77
2000,Czechia,CZE,Europe,74.97,0.11,8.9,1.22,Switzerland,7184250,0.14,79.68,1,0,6.07,"1,336",0,0.4
2000,Bulgaria,BGR,Europe,71.66,0.14,9,0.79,United States of America,282162411,0,76.64,0.99,0.01,0,"4,464",0,15.29
2000,Czechia,CZE,Europe,74.97,0.11,8.9,0.79,United States of America,282162411,0,76.64,0.99,0.01,0.23,"4,464",0,0.14
2001,Bulgaria,BGR,Europe,71.77,0.14,8.5,0.64,Argentina,37275644,0.16,73.76,1,0.11,0.12,"11,934",0,0.06
2001,Bulgaria,BGR,Europe,71.77,0.14,8.5,0.86,Australia,19413000,0,79.63,0.98,0.01,0.05,"15,341",0,0.56
2001,Czechia,CZE,Europe,75.17,0.11,8.9,0.86,Australia,19413000,0,79.63,0.98,0.01,2.71,"15,341",0,0.13
2001,Bulgaria,BGR,Europe,71.77,0.14,8.5,1.05,Austria,8042293,0.11,78.58,1,0,0.2,818,0,0.27
2001,Czechia,CZE,Europe,75.17,0.11,8.9,1.05,Austria,8042293,0.11,78.58,1,0,11.27,818,0,0.07
2001,Bulgaria,BGR,Europe,71.77,0.14,8.5,0.85,Belgium,10286570,0,77.97,0.99,0,0.17,"1,698",0,0.27
2001,Czechia,CZE,Europe,75.17,0.11,8.9,0.85,Belgium,10286570,0,77.97,0.99,0,9.6,"1,698",0,0.41
2001,Bulgaria,BGR,Europe,71.77,0.14,8.5,0.57,Canada,31020902,0.12,79.34,0.98,0,0.04,"7,371",0,12.97
2001,Czechia,CZE,Europe,75.17,0.11,8.9,0.57,Canada,31020902,0.12,79.34,0.98,0,2.36,"7,371",0,7.21
2001,Bulgaria,BGR,Europe,71.77,0.14,8.5,0.96,Czechia,10216605,0.09,75.17,1,0,0.02,"1,065",0,2.45
2001,Bulgaria,BGR,Europe,71.77,0.14,8.5,0.89,Denmark,5358783,0.16,76.79,0.98,0,0.03,"1,637",0,0.14
2001,Bulgaria,BGR,Europe,71.77,0.14,8.5,1.01,Finland,5188008,0.13,77.97,1,0,0.31,"1,946",0,0.26
2001,Bulgaria,BGR,Europe,71.77,0.14,8.5,0.94,France,61357432,0,79.16,1,0,0.03,"1,758",0,1.31
2001,Czechia,CZE,Europe,75.17,0.11,8.9,0.94,France,61357432,0,79.16,1,0,1.7,"1,758",0,0.39
2001,Bulgaria,BGR,Europe,71.77,0.14,8.5,0.87,United Kingdom of Great Britain and Northern Ireland,59119673,0.12,77.99,1,0,0.04,"2,015",0,0.12
2001,Czechia,CZE,Europe,75.17,0.11,8.9,0.87,United Kingdom of Great Britain and Northern Ireland,59119673,0.12,77.99,1,0,2.07,"2,015",0,0.24
2001,Bulgaria,BGR,Europe,71.77,0.14,8.5,1.01,Germany,82349925,0,78.33,1,0,0.02,"1,319",0,0.31
2001,Czechia,CZE,Europe,75.17,0.11,8.9,1.01,Germany,82349925,0,78.33,1,0,1.23,"1,319",0,0.14
2001,Bulgaria,BGR,Europe,71.77,0.14,8.5,1.07,Greece,10862132,0.07,78.39,0.98,0,0.29,526,0,0.91
2001,Czechia,CZE,Europe,75.17,0.11,8.9,1.07,Greece,10862132,0.07,78.39,0.98,0,16.93,526,0,2.27
2001,Bulgaria,BGR,Europe,71.77,0.14,8.5,0.98,Ireland,3866243,0.13,77.13,0.98,0,0.37,"2,474",0,0.27
2001,Czechia,CZE,Europe,75.17,0.11,8.9,0.98,Ireland,3866243,0.13,77.13,0.98,0,21.29,"2,474",0,0.3
2001,Bulgaria,BGR,Europe,71.77,0.14,8.5,1.13,Italy,56974100,0.1,80.13,1.01,0,0.03,895,0,0.12
2001,Bulgaria,BGR,Europe,71.77,0.14,8.5,0.58,Morocco,29126323,0,69.19,0.98,0,0.11,"2,784",0,0.11
2001,Czechia,CZE,Europe,75.17,0.11,8.9,0.58,Morocco,29126323,0,69.19,0.98,0,6.51,"2,784",0,0.14
2001,Bulgaria,BGR,Europe,71.77,0.14,8.5,0.88,Netherlands,16046180,0.11,78.19,0.98,0,0.09,"1,745",0,1.17
2001,Czechia,CZE,Europe,75.17,0.11,8.9,0.88,Netherlands,16046180,0.11,78.19,0.98,0,5.39,"1,745",0,1.08
2001,Bulgaria,BGR,Europe,71.77,0.14,8.5,0.95,Norway,4513751,0.16,78.79,0.98,0,0.02,"2,096",0,0.14
2001,Bulgaria,BGR,Europe,71.77,0.14,8.5,0.6,Peru,26799289,0.15,71.51,0.98,0.17,0.25,"11,754",0,0.09
2001,Czechia,CZE,Europe,75.17,0.11,8.9,0.6,Peru,26799289,0.15,71.51,0.98,0.17,14.31,"11,754",0,0.05
2001,Bulgaria,BGR,Europe,71.77,0.14,8.5,0.82,South Africa,45571272,0.2,55.09,0.99,0,0.02,"7,627",0,2.97
2001,Bulgaria,BGR,Europe,71.77,0.14,8.5,0.94,Spain,40850412,0.11,79.37,0.99,0,0.06,"2,253",0,0.06
2001,Bulgaria,BGR,Europe,71.77,0.14,8.5,0.88,Slovakia,5378867,0.09,73.4,1,0,1.24,776,0,0.1
2001,Bulgaria,BGR,Europe,71.77,0.14,8.5,0.77,Eswatini,1013608,0.2,45.8,1.01,0,2.28,"7,716",0,0.06
2001,Bulgaria,BGR,Europe,71.77,0.14,8.5,0.89,Sweden,8895960,0.13,79.8,0.98,0,0.02,"1,884",0,2.43
2001,Czechia,CZE,Europe,75.17,0.11,8.9,0.89,Sweden,8895960,0.13,79.8,0.98,0,1.03,"1,884",0,0.07
2001,Bulgaria,BGR,Europe,71.77,0.14,8.5,0.99,Switzerland,7229854,0.15,80.18,1,0,0.11,"1,336",0,1.61
2001,Czechia,CZE,Europe,75.17,0.11,8.9,0.99,Switzerland,7229854,0.15,80.18,1,0,6.16,"1,336",0,0.76
2001,Bulgaria,BGR,Europe,71.77,0.14,8.5,0.76,United States of America,284968955,0,76.84,0.99,0.01,0,"4,464",0,16.51
2001,Czechia,CZE,Europe,75.17,0.11,8.9,0.76,United States of America,284968955,0,76.84,0.99,0.01,0.23,"4,464",0,0.32
2002,Bulgaria,BGR,Europe,71.87,0.14,8.5,0.66,Argentina,37681743,0.16,73.93,1,0.17,0.14,"11,934",0,0.06
2002,Bulgaria,BGR,Europe,71.87,0.14,8.5,0.88,Australia,19651400,0,79.94,0.98,0,0.05,"15,341",0,0.37
2002,Czechia,CZE,Europe,75.22,0.11,9.1,0.88,Australia,19651400,0,79.94,0.98,0,2.64,"15,341",0,0.05
2002,Bulgaria,BGR,Europe,71.87,0.14,8.5,1.04,Austria,8081957,0.11,78.68,1,0,0.2,818,0,0.06
2002,Czechia,CZE,Europe,75.22,0.11,9.1,1.04,Austria,8081957,0.11,78.68,1,0,11.26,818,0,0.05
2002,Bulgaria,BGR,Europe,71.87,0.14,8.5,0.94,Belgium,10332785,0,78.08,0.99,0,0.17,"1,698",0,0.24
2002,Czechia,CZE,Europe,75.22,0.11,9.1,0.94,Belgium,10332785,0,78.08,0.99,0,9.59,"1,698",0,0.34
2002,Bulgaria,BGR,Europe,71.87,0.14,8.5,0.5,Canada,31360079,0.12,79.49,0.98,0,0.04,"7,371",0,14.56
2002,Czechia,CZE,Europe,75.22,0.11,9.1,0.5,Canada,31360079,0.12,79.49,0.98,0,2.31,"7,371",0,7.62
2002,Bulgaria,BGR,Europe,71.87,0.14,8.5,1.78,Cyprus,976968,0.15,78.26,0.96,0,3.91,"1,205",0,0.06
2002,Bulgaria,BGR,Europe,71.87,0.14,8.5,0.81,Czechia,10196916,0.09,75.22,1,0,0.02,"1,065",0,1.21
2002,Bulgaria,BGR,Europe,71.87,0.14,8.5,0.85,Denmark,5375931,0.15,76.9,0.98,0,0.03,"1,637",0,0.14
2002,Bulgaria,BGR,Europe,71.87,0.14,8.5,1.06,Finland,5200598,0.13,78.12,1,0,0.32,"1,946",0,0.1
2002,Bulgaria,BGR,Europe,71.87,0.14,8.5,1.03,France,61805266,0,79.26,1,0,0.03,"1,758",0,1.12
2002,Czechia,CZE,Europe,75.22,0.11,9.1,1.03,France,61805266,0,79.26,1,0,1.71,"1,758",0,0.35
2002,Bulgaria,BGR,Europe,71.87,0.14,8.5,0.98,United Kingdom of Great Britain and Northern Ireland,59370479,0.13,78.14,1,0,0.04,"2,015",0,0.13
2002,Czechia,CZE,Europe,75.22,0.11,9.1,0.98,United Kingdom of Great Britain and Northern Ireland,59370479,0.13,78.14,1,0,2.06,"2,015",0,0.83
2002,Bulgaria,BGR,Europe,71.87,0.14,8.5,0.92,Germany,82488495,0,78.23,1,0,0.02,"1,319",0,14.58
2002,Czechia,CZE,Europe,75.22,0.11,9.1,0.92,Germany,82488495,0,78.23,1,0,1.25,"1,319",0,58.27
2002,Bulgaria,BGR,Europe,71.87,0.14,8.5,0.93,Ireland,3931947,0.12,77.63,0.98,0,0.37,"2,474",0,0.51
2002,Czechia,CZE,Europe,75.22,0.11,9.1,0.93,Ireland,3931947,0.12,77.63,0.98,0,20.42,"2,474",0,0.78
2002,Bulgaria,BGR,Europe,71.87,0.14,8.5,0.64,Morocco,29454765,0,69.77,0.98,0,0.12,"2,784",0,0.11
2002,Czechia,CZE,Europe,75.22,0.11,9.1,0.64,Morocco,29454765,0,69.77,0.98,0,6.41,"2,784",0,0.14
2002,Bulgaria,BGR,Europe,71.87,0.14,8.5,0.91,Netherlands,16148929,0.11,78.29,0.98,0,0.1,"1,745",0,0.77
2002,Czechia,CZE,Europe,75.22,0.11,9.1,0.91,Netherlands,16148929,0.11,78.29,0.98,0,5.46,"1,745",0,0.63
2002,Bulgaria,BGR,Europe,71.87,0.14,8.5,0.92,Norway,4538159,0.16,78.99,0.98,0,0.02,"2,096",0,0.1
2002,Czechia,CZE,Europe,75.22,0.11,9.1,0.75,New Zealand,3948500,0.17,78.85,0.99,0,17.58,"17,662",0,0.05
2002,Bulgaria,BGR,Europe,71.87,0.14,8.5,0.64,Peru,27100964,0.15,71.88,0.98,0.15,0.25,"11,754",0,0.09
2002,Czechia,CZE,Europe,75.22,0.11,9.1,0.64,Peru,27100964,0.15,71.88,0.98,0.15,13.79,"11,754",0,0.05
2002,Bulgaria,BGR,Europe,71.87,0.14,8.5,0.9,South Africa,46150913,0.2,54.31,0.99,0,0.02,"7,627",0,2.07
2002,Bulgaria,BGR,Europe,71.87,0.14,8.5,0.92,Spain,41431558,0.11,79.57,0.99,0,0.06,"2,253",0,0.06
2002,Bulgaria,BGR,Europe,71.87,0.14,8.5,0.88,Slovakia,5376912,0.09,73.6,1,0,1.26,776,0,0.24
2002,Bulgaria,BGR,Europe,71.87,0.14,8.5,0.84,Eswatini,1019054,0.17,44.41,1.02,0,2.31,"7,716",0,0.06
2002,Bulgaria,BGR,Europe,71.87,0.14,8.5,0.89,Sweden,8924958,0.13,79.85,0.98,0,0.02,"1,884",0,3.53
2002,Czechia,CZE,Europe,75.22,0.11,9.1,0.89,Sweden,8924958,0.13,79.85,0.98,0,1.02,"1,884",0,0.23
2002,Bulgaria,BGR,Europe,71.87,0.14,8.5,1.07,Switzerland,7284753,0.15,80.39,1,0,0.11,"1,336",0,1.52
2002,Czechia,CZE,Europe,75.22,0.11,9.1,1.07,Switzerland,7284753,0.15,80.39,1,0,6.25,"1,336",0,0.34
2002,Bulgaria,BGR,Europe,71.87,0.14,8.5,0.74,United States of America,287625193,0,76.94,0.99,0.01,0,"4,464",0,16.82
2002,Czechia,CZE,Europe,75.22,0.11,9.1,0.74,United States of America,287625193,0,76.94,0.99,0.01,0.23,"4,464",0,0.57
2003,Bulgaria,BGR,Europe,72.07,0.14,8.7,0.68,Argentina,38087866,0.14,74.11,1,0.08,0.14,"11,934",0,0.06
2003,Bulgaria,BGR,Europe,72.07,0.14,8.7,0.6,Australia,19895400,0,80.24,0.98,0.01,0.05,"15,341",0,0.22
2003,Czechia,CZE,Europe,75.17,0.11,9.2,0.6,Australia,19895400,0,80.24,0.98,0.01,2.65,"15,341",0,0.05
2003,Bulgaria,BGR,Europe,72.07,0.14,8.7,0.98,Austria,8121423,0.11,78.63,1,0,0.21,818,0,0.06
2003,Czechia,CZE,Europe,75.17,0.11,9.2,0.98,Austria,8121423,0.11,78.63,1,0,11.55,818,0,0.05
2003,Bulgaria,BGR,Europe,72.07,0.14,8.7,0.93,Belgium,10376133,0,78.13,0.99,0,0.18,"1,698",0,0.94
2003,Czechia,CZE,Europe,75.17,0.11,9.2,0.93,Belgium,10376133,0,78.13,0.99,0,9.83,"1,698",0,0.32
2003,Bulgaria,BGR,Europe,72.07,0.14,8.7,0.65,Canada,31644028,0,79.74,0.98,0,0.04,"7,371",0,12.49
2003,Czechia,CZE,Europe,75.17,0.11,9.2,0.65,Canada,31644028,0,79.74,0.98,0,2.31,"7,371",0,7.29
2003,Bulgaria,BGR,Europe,72.07,0.14,8.7,0.68,Czechia,10193998,0.08,75.17,1,0,0.02,"1,065",0,0.63
2003,Bulgaria,BGR,Europe,72.07,0.14,8.7,0.88,Denmark,5390574,0.15,77.14,0.98,0,0.03,"1,637",0,0.15
2003,Bulgaria,BGR,Europe,72.07,0.14,8.7,0.99,Finland,5213014,0.13,78.37,1,0,0.33,"1,946",0,0.06
2003,Bulgaria,BGR,Europe,72.07,0.14,8.7,0.9,France,62244880,0,79.11,1,0,0.03,"1,758",0,1.03
2003,Czechia,CZE,Europe,75.17,0.11,9.2,0.9,France,62244880,0,79.11,1,0,1.76,"1,758",0,0.27
2003,Bulgaria,BGR,Europe,72.07,0.14,8.7,0.93,United Kingdom of Great Britain and Northern Ireland,59647577,0.13,78.45,1,0,0.04,"2,015",0,0.15
2003,Czechia,CZE,Europe,75.17,0.11,9.2,0.93,United Kingdom of Great Britain and Northern Ireland,59647577,0.13,78.45,1,0,2.07,"2,015",0,1.13
2003,Bulgaria,BGR,Europe,72.07,0.14,8.7,0.82,Germany,82534176,0,78.38,1,0,0.02,"1,319",0,13.9
2003,Czechia,CZE,Europe,75.17,0.11,9.2,0.82,Germany,82534176,0,78.38,1,0,1.31,"1,319",0,55.33
2003,Bulgaria,BGR,Europe,72.07,0.14,8.7,0.98,Ireland,3996521,0.13,78.14,0.98,0,0.38,"2,474",0,0.6
2003,Czechia,CZE,Europe,75.17,0.11,9.2,0.98,Ireland,3996521,0.13,78.14,0.98,0,20.53,"2,474",0,2.23
2003,Bulgaria,BGR,Europe,72.07,0.14,8.7,0.79,Morocco,29782884,0,70.4,0.98,0,0.12,"2,784",0,0.12
2003,Czechia,CZE,Europe,75.17,0.11,9.2,0.79,Morocco,29782884,0,70.4,0.98,0,6.27,"2,784",0,0.14
2003,Bulgaria,BGR,Europe,72.07,0.14,8.7,0.88,Netherlands,16225302,0.12,78.49,0.98,0,0.1,"1,745",0,0.51
2003,Czechia,CZE,Europe,75.17,0.11,9.2,0.88,Netherlands,16225302,0.12,78.49,0.98,0,5.65,"1,745",0,0.52
2003,Bulgaria,BGR,Europe,72.07,0.14,8.7,0.97,Norway,4564855,0.16,79.39,0.98,0,0.02,"2,096",0,0.1
2003,Bulgaria,BGR,Europe,72.07,0.14,8.7,0.72,New Zealand,4027200,0.17,79.15,0.99,0,0.32,"17,662",0,0.08
2003,Czechia,CZE,Europe,75.17,0.11,9.2,0.72,New Zealand,4027200,0.17,79.15,0.99,0,17.42,"17,662",0,0.8
2003,Bulgaria,BGR,Europe,72.07,0.14,8.7,0.65,Peru,27372217,0.15,72.24,0.98,0.12,0.25,"11,754",0,0.09
2003,Czechia,CZE,Europe,75.17,0.11,9.2,0.65,Peru,27372217,0.15,72.24,0.98,0.12,13.71,"11,754",0,0.05
2003,Bulgaria,BGR,Europe,72.07,0.14,8.7,0.87,South Africa,46719203,0.2,53.75,0.99,0,0.02,"7,627",0,2.42
2003,Bulgaria,BGR,Europe,72.07,0.14,8.7,0.74,Slovakia,5373374,0.1,73.6,1,0,1.26,776,0,0.3
2003,Bulgaria,BGR,Europe,72.07,0.14,8.7,0.85,Eswatini,1022796,0.22,43.37,1.02,0,2.34,"7,716",0,0.13
2003,Bulgaria,BGR,Europe,72.07,0.14,8.7,0.87,Sweden,8958229,0.13,80.1,0.98,0,0.02,"1,884",0,1.8
2003,Czechia,CZE,Europe,75.17,0.11,9.2,0.87,Sweden,8958229,0.13,80.1,0.98,0,1.03,"1,884",0,0.05
2003,Bulgaria,BGR,Europe,72.07,0.14,8.7,0.93,Switzerland,7339001,0.16,80.54,1,0,0.12,"1,336",0,0.99
2003,Bulgaria,BGR,Europe,72.07,0.14,8.7,0.77,United States of America,290107933,0,77.04,0.99,0.01,0,"4,464",0,13.8
2003,Czechia,CZE,Europe,75.17,0.11,9.2,0.77,United States of America,290107933,0,77.04,0.99,0.01,0.23,"4,464",0,0.86
2004,Bulgaria,BGR,Europe,72.56,0.14,9.1,0.67,Argentina,38491970,0.15,74.28,1,0.06,0.14,"11,934",0,0.06
2004,Bulgaria,BGR,Europe,72.56,0.14,9.1,0.95,Australia,20127400,0,80.49,0.98,0.01,0.05,"15,341",0,0.06
2004,Czechia,CZE,Europe,75.72,0.11,9.6,0.95,Australia,20127400,0,80.49,0.98,0.01,2.67,"15,341",0,0.05
2004,Bulgaria,BGR,Europe,72.56,0.14,9.1,1.13,Austria,8171966,0.1,79.18,1,0,0.22,818,0,0.06
2004,Czechia,CZE,Europe,75.72,0.11,9.6,1.13,Austria,8171966,0.1,79.18,1,0,11.79,818,0,0.05
2004,Bulgaria,BGR,Europe,72.56,0.14,9.1,1.04,Belgium,10421137,0,78.88,0.99,0,0.19,"1,698",0,1.05
2004,Czechia,CZE,Europe,75.72,0.11,9.6,1.04,Belgium,10421137,0,78.88,0.99,0,9.95,"1,698",0,0.25
2004,Bulgaria,BGR,Europe,72.56,0.14,9.1,0.7,Canada,31940655,0,79.89,0.98,0,0.04,"7,371",0,10.86
2004,Czechia,CZE,Europe,75.72,0.11,9.6,0.7,Canada,31940655,0,79.89,0.98,0,2.33,"7,371",0,4.03
2004,Bulgaria,BGR,Europe,72.56,0.14,9.1,1.85,Cyprus,1010410,0.16,78.51,0.96,0,4.07,"1,205",0,0.29
2004,Bulgaria,BGR,Europe,72.56,0.14,9.1,1,Czechia,10197101,0.09,75.72,1,0,0.02,"1,065",0,0.57
2004,Bulgaria,BGR,Europe,72.56,0.14,9.1,0.97,Finland,5228172,0.13,78.71,0.99,0,0.34,"1,946",0,0.06
2004,Bulgaria,BGR,Europe,72.56,0.14,9.1,1.06,France,62704901,0,80.16,1,0,0.03,"1,758",0,0.95
2004,Czechia,CZE,Europe,75.72,0.11,9.6,1.06,France,62704901,0,80.16,1.01,0,1.79,"1,758",0,0.26
2004,Bulgaria,BGR,Europe,72.56,0.14,9.1,0.95,United Kingdom of Great Britain and Northern Ireland,59987905,0.13,78.75,0.99,0,0.04,"2,015",0,0.12
2004,Czechia,CZE,Europe,75.72,0.11,9.6,0.95,United Kingdom of Great Britain and Northern Ireland,59987905,0.13,78.75,0.99,0,2.12,"2,015",0,1.18
2004,Bulgaria,BGR,Europe,72.56,0.14,9.1,1.04,Germany,82516260,0,78.68,1,0,0.03,"1,319",0,11.09
2004,Czechia,CZE,Europe,75.72,0.11,9.6,1.04,Germany,82516260,0,78.68,1,0,1.35,"1,319",0,36.71
2004,Bulgaria,BGR,Europe,72.56,0.14,9.1,1.02,Greece,10955141,0.08,79.04,0.98,0.01,0.3,526,0,0.14
2004,Bulgaria,BGR,Europe,72.56,0.14,9.1,1.12,Ireland,4070262,0.14,78.54,0.98,0,0.38,"2,474",0,0.49
2004,Czechia,CZE,Europe,75.72,0.11,9.6,1.12,Ireland,4070262,0.14,78.54,0.98,0,20.16,"2,474",0,1.23
2004,Bulgaria,BGR,Europe,72.56,0.14,9.1,0.98,Netherlands,16281779,0.12,79.1,0.98,0,0.11,"1,745",0,0.43
2004,Czechia,CZE,Europe,75.72,0.11,9.6,0.98,Netherlands,16281779,0.12,79.1,0.98,0,5.8,"1,745",0,0.41
2004,Bulgaria,BGR,Europe,72.56,0.14,9.1,1.07,Norway,4591910,0.16,79.84,0.98,0,0.02,"2,096",0,0.1
2004,Bulgaria,BGR,Europe,72.56,0.14,9.1,0.8,New Zealand,4087500,0.17,79.55,0.99,0,0.33,"17,662",0,0.06
2004,Czechia,CZE,Europe,75.72,0.11,9.6,0.8,New Zealand,4087500,0.17,79.55,0.99,0,17.55,"17,662",0,0.82
2004,Bulgaria,BGR,Europe,72.56,0.14,9.1,0.64,Peru,27624226,0.15,72.58,0.98,0.14,0.26,"11,754",0,0.06
2004,Czechia,CZE,Europe,75.72,0.11,9.6,0.64,Peru,27624226,0.15,72.58,0.98,0.14,13.69,"11,754",0,0.05
2004,Bulgaria,BGR,Europe,72.56,0.14,9.1,0.87,South Africa,47291610,0.2,53.44,0.99,0,0.02,"7,627",0,2.44
2004,Bulgaria,BGR,Europe,72.56,0.14,9.1,0.98,Slovakia,5372280,0.11,73.96,1,0,1.27,776,0,0.12
2004,Czechia,CZE,Europe,75.72,0.11,9.6,0.98,Slovakia,5372280,0.11,73.96,1,0,68.01,776,0,0.05
2004,Bulgaria,BGR,Europe,72.56,0.14,9.1,0.87,Eswatini,1026287,0.21,42.73,1.02,0,2.41,"7,716",0,0.13
2004,Bulgaria,BGR,Europe,72.56,0.14,9.1,0.94,Sweden,8993531,0.13,80.5,0.98,0,0.02,"1,884",0,1.65
2004,Bulgaria,BGR,Europe,72.56,0.14,9.1,1.11,Switzerland,7389625,0.16,81.09,0.99,0,0.12,"1,336",0,1.24
2004,Czechia,CZE,Europe,75.72,0.11,9.6,1.11,Switzerland,7389625,0.16,81.09,0.99,0,6.61,"1,336",0,0.05
2004,Bulgaria,BGR,Europe,72.56,0.14,9.1,0.85,United States of America,292805298,0,77.49,0.99,0.01,0,"4,464",0,12.65
2004,Czechia,CZE,Europe,75.72,0.11,9.6,0.85,United States of America,292805298,0,77.49,0.99,0.01,0.23,"4,464",0,0.9
2005,Bulgaria,BGR,Europe,72.56,0.15,9.3,0.78,Argentina,38892924,0.16,74.45,1,0.04,0.13,"11,934",0,0.07
2005,Bulgaria,BGR,Europe,72.56,0.15,9.3,0.88,Australia,20394800,0.14,80.84,0.98,0,0.05,"15,341",0,0.07
2005,Czechia,CZE,Europe,75.92,0.11,10,0.88,Australia,20394800,0.14,80.84,0.98,0,2.76,"15,341",0,0.05
2005,Bulgaria,BGR,Europe,72.56,0.15,9.3,1.05,Austria,8227829,0.1,79.33,1,0,0.23,818,0,0.1
2005,Czechia,CZE,Europe,75.92,0.11,10,1.05,Austria,8227829,0.1,79.33,1,0,12.29,818,0,0.05
2005,Bulgaria,BGR,Europe,72.56,0.15,9.3,0.97,Belgium,10478617,0.11,78.98,0.99,0,0.19,"1,698",0,1.29
2005,Czechia,CZE,Europe,75.92,0.11,10,0.97,Belgium,10478617,0.11,78.98,0.99,0,10.37,"1,698",0,0.23
2005,Bulgaria,BGR,Europe,72.56,0.15,9.3,0.73,Canada,32243753,0.12,80.19,0.98,0,0.04,"7,371",0,11.24
2005,Czechia,CZE,Europe,75.92,0.11,10,0.73,Canada,32243753,0.12,80.19,0.98,0,2.37,"7,371",0,1.62
2005,Bulgaria,BGR,Europe,72.56,0.15,9.3,1.52,Cyprus,1027657,0.16,78.63,0.96,0,4.15,"1,205",0,1.02
2005,Bulgaria,BGR,Europe,72.56,0.15,9.3,0.9,Czechia,10211216,0.09,75.92,1,0,0.02,"1,065",0,0.47
2005,Bulgaria,BGR,Europe,72.56,0.15,9.3,1.1,Finland,5246096,0.12,78.82,0.99,0,0.35,"1,946",0,0.07
2005,Bulgaria,BGR,Europe,72.56,0.15,9.3,1,France,63179356,0,80.16,1.01,0,0.04,"1,758",0,0.91
2005,Czechia,CZE,Europe,75.92,0.11,10,1,France,63179356,0,80.16,1.01,0,1.88,"1,758",0,0.26
2005,Bulgaria,BGR,Europe,72.56,0.15,9.3,0.95,United Kingdom of Great Britain and Northern Ireland,60401206,0.13,79.05,0.99,0.01,0.04,"2,015",0,0.17
2005,Czechia,CZE,Europe,75.92,0.11,10,0.95,United Kingdom of Great Britain and Northern Ireland,60401206,0.13,79.05,0.99,0.01,2.21,"2,015",0,1.18
2005,Bulgaria,BGR,Europe,72.56,0.15,9.3,0.96,Germany,82469422,0,78.93,1,0,0.03,"1,319",0,36.69
2005,Czechia,CZE,Europe,75.92,0.11,10,0.96,Germany,82469422,0,78.93,1,0,1.43,"1,319",0,29.67
2005,Bulgaria,BGR,Europe,72.56,0.15,9.3,1.07,Greece,10987314,0.09,79.24,0.98,0,0.32,526,0,0.09
2005,Bulgaria,BGR,Europe,72.56,0.15,9.3,0.91,Ireland,4159914,0.14,78.94,0.97,0,0.38,"2,474",0,0.5
2005,Czechia,CZE,Europe,75.92,0.11,10,0.91,Ireland,4159914,0.14,78.94,0.98,0,20.32,"2,474",0,1.22
2005,Bulgaria,BGR,Europe,72.56,0.15,9.3,0.92,Netherlands,16319868,0.12,79.35,0.98,0,0.11,"1,745",0,0.39
2005,Czechia,CZE,Europe,75.92,0.11,10,0.92,Netherlands,16319868,0.12,79.35,0.98,0,6.06,"1,745",0,0.39
2005,Bulgaria,BGR,Europe,72.56,0.15,9.3,0.96,Norway,4623291,0.16,80.04,0.98,0,0.03,"2,096",0,0.1
2005,Bulgaria,BGR,Europe,72.56,0.15,9.3,0.79,New Zealand,4133900,0.16,79.85,0.99,0,0.34,"17,662",0,0.07
2005,Czechia,CZE,Europe,75.92,0.11,10,0.79,New Zealand,4133900,0.16,79.85,0.99,0,18.11,"17,662",0,0.83
2005,Bulgaria,BGR,Europe,72.56,0.15,9.3,0.67,Peru,27866140,0.14,72.91,0.98,0.15,0.26,"11,754",0,0.07
2005,Czechia,CZE,Europe,75.92,0.11,10,0.67,Peru,27866140,0.14,72.91,0.98,0.15,13.73,"11,754",0,0.05
2005,Bulgaria,BGR,Europe,72.56,0.15,9.3,0.93,South Africa,47880595,0.2,53.45,0.99,0.26,0.02,"7,627",0,2.45
2005,Bulgaria,BGR,Europe,72.56,0.15,9.3,0.93,Slovakia,5372807,0.09,73.9,1,0,1.28,776,0,0.12
2005,Bulgaria,BGR,Europe,72.56,0.15,9.3,0.91,Eswatini,1030575,0.21,42.52,1.03,0,2.43,"7,716",0,0.07
2005,Bulgaria,BGR,Europe,72.56,0.15,9.3,0.88,Sweden,9029572,0.13,80.55,0.98,0.01,0.02,"1,884",0,1.58
2005,Bulgaria,BGR,Europe,72.56,0.15,9.3,1,Switzerland,7437115,0.16,81.24,0.99,0,0.13,"1,336",0,0.6
2005,Czechia,CZE,Europe,75.92,0.11,10,1,Switzerland,7437115,0.16,81.24,1,0,6.85,"1,336",0,0.14
2005,Bulgaria,BGR,Europe,72.56,0.15,9.3,0.63,Ukraine,47105171,0.14,67.96,1.05,0,0.03,"1,022",0,0.07
2005,Bulgaria,BGR,Europe,72.56,0.15,9.3,0.82,United States of America,295516599,0,77.49,0.99,0.01,0,"4,464",0,13.12
2005,Czechia,CZE,Europe,75.92,0.11,10,0.82,United States of America,295516599,0,77.49,0.99,0.01,0.24,"4,464",0,1.45
2006,Bulgaria,BGR,Europe,72.61,0.15,9.7,0.76,Argentina,39289876,0.16,74.62,1,0.03,0.13,"11,934",0,0.07
2006,Czechia,CZE,Europe,76.52,0.1,10.3,0.93,Australia,20697900,0.13,81.04,0.98,0,2.87,"15,341",0,0.05
2006,Bulgaria,BGR,Europe,72.61,0.15,9.7,1.02,Austria,8268641,0.1,79.88,1,0,0.24,818,0,0.75
2006,Czechia,CZE,Europe,76.52,0.1,10.3,1.02,Austria,8268641,0.1,79.88,1,0,12.68,818,0,0.19
2006,Bulgaria,BGR,Europe,72.61,0.15,9.7,0.89,Belgium,10547958,0,79.38,0.99,0,0.2,"1,698",0,0.83
2006,Czechia,CZE,Europe,76.52,0.1,10.3,0.89,Belgium,10547958,0,79.38,0.99,0,10.79,"1,698",0,0.16
2006,Bulgaria,BGR,Europe,72.61,0.15,9.7,0.71,Canada,32571174,0,80.34,0.98,0,0.05,"7,371",0,11.6
2006,Czechia,CZE,Europe,76.52,0.1,10.3,0.71,Canada,32571174,0,80.34,0.98,0,2.42,"7,371",0,1.15
2006,Bulgaria,BGR,Europe,72.61,0.15,9.7,1.43,Cyprus,1045508,0.16,78.76,0.96,0,4.24,"1,205",0,1.3
2006,Bulgaria,BGR,Europe,72.61,0.15,9.7,0.78,Czechia,10238905,0.1,76.52,1,0,0.02,"1,065",0,0.42
2006,Bulgaria,BGR,Europe,72.61,0.15,9.7,1.02,Finland,5266268,0.12,79.21,0.99,0,0.36,"1,946",0,0.55
2006,Bulgaria,BGR,Europe,72.61,0.15,9.7,0.96,France,63621376,0,80.81,1.01,0,0.04,"1,758",0,1.05
2006,Czechia,CZE,Europe,76.52,0.1,10.3,0.96,France,63621376,0,80.81,1.01,0,1.96,"1,758",0,0.27
2006,Bulgaria,BGR,Europe,72.61,0.15,9.7,0.92,United Kingdom of Great Britain and Northern Ireland,60846820,0.13,79.25,0.99,0,0.04,"2,015",0,0.2
2006,Czechia,CZE,Europe,76.52,0.1,10.3,0.92,United Kingdom of Great Britain and Northern Ireland,60846820,0.13,79.25,1,0,2.3,"2,015",0,1.17
2006,Bulgaria,BGR,Europe,72.61,0.15,9.7,0.91,Germany,82376451,0.09,79.13,1,0,0.03,"1,319",0,16.51
2006,Czechia,CZE,Europe,76.52,0.1,10.3,0.91,Germany,82376451,0.09,79.13,1,0,1.47,"1,319",0,16.11
2006,Bulgaria,BGR,Europe,72.61,0.15,9.7,0.85,Ireland,4273591,0.14,79.24,0.98,0,0.39,"2,474",0,0.5
2006,Czechia,CZE,Europe,76.52,0.1,10.3,0.85,Ireland,4273591,0.14,79.24,0.98,0,20.67,"2,474",0,1.22
2006,Bulgaria,BGR,Europe,72.61,0.15,9.7,0.88,Netherlands,16346101,0.12,79.7,0.98,0,0.12,"1,745",0,0.3
2006,Czechia,CZE,Europe,76.52,0.1,10.3,0.88,Netherlands,16346101,0.12,79.7,0.98,0,6.25,"1,745",0,0.3
2006,Bulgaria,BGR,Europe,72.61,0.15,9.7,0.95,Norway,4660677,0.16,80.34,0.98,0,0.03,"2,096",0,0.2
2006,Czechia,CZE,Europe,76.52,0.1,10.3,0.95,Norway,4660677,0.16,80.34,0.98,0,1.44,"2,096",0,0.05
2006,Bulgaria,BGR,Europe,72.61,0.15,9.7,0.77,New Zealand,4184600,0.15,80.05,0.99,0,0.35,"17,662",0,0.09
2006,Czechia,CZE,Europe,76.52,0.1,10.3,0.77,New Zealand,4184600,0.15,80.05,1,0,18.79,"17,662",0,0.71
2006,Bulgaria,BGR,Europe,72.61,0.15,9.7,0.73,Peru,28102055,0.14,73.22,0.98,0.14,0.26,"11,754",0,0.07
2006,Czechia,CZE,Europe,76.52,0.1,10.3,0.73,Peru,28102055,0.14,73.22,0.98,0.14,13.64,"11,754",0,0.05
2006,Bulgaria,BGR,Europe,72.61,0.15,9.7,0.83,Slovakia,5373054,0.1,74.2,1,0,1.26,776,0,0.12
2006,Bulgaria,BGR,Europe,72.61,0.15,9.7,0.88,Eswatini,1036095,0.23,42.73,1.03,0,2.45,"7,716",0,0.07
2006,Bulgaria,BGR,Europe,72.61,0.15,9.7,0.76,Sweden,9080505,0.13,80.75,0.98,0,0.02,"1,884",0,1.07
2006,Bulgaria,BGR,Europe,72.61,0.15,9.7,0.96,Switzerland,7483934,0.16,81.49,0.99,0,0.13,"1,336",0,0.45
2006,Bulgaria,BGR,Europe,72.61,0.15,9.7,0.79,United States of America,298379912,0,77.69,0.99,0.01,0,"4,464",0,19.8
2006,Czechia,CZE,Europe,76.52,0.1,10.3,0.79,United States of America,298379912,0,77.69,0.99,0.01,0.25,"4,464",0,1.2
2007,Bulgaria,BGR,Europe,72.66,0.15,10,0.86,Argentina,39684303,0.15,74.79,1,0.03,0.13,"11,934",0,0.07
2007,Bulgaria,BGR,Europe,72.66,0.15,10,0.6,Australia,20827600,0.13,81.29,0.97,0,0.06,"15,341",0,0.07
2007,Bulgaria,BGR,Europe,72.66,0.15,10,1.07,Austria,8295487,0.1,80.18,1,0,0.24,818,0,0.38
2007,Czechia,CZE,Europe,76.72,0.1,11.1,1.07,Austria,8295487,0.1,80.18,1,0,12.91,818,0,0.1
2007,Bulgaria,BGR,Europe,72.66,0.15,10,0.94,Belgium,10625700,0,79.78,0.99,0,0.21,"1,698",0,0.6
2007,Czechia,CZE,Europe,76.72,0.1,11.1,0.94,Belgium,10625700,0,79.78,1,0,10.99,"1,698",0,0.14
2007,Bulgaria,BGR,Europe,72.66,0.15,10,0.7,Canada,32889025,0.12,80.54,0.98,0,0.05,"7,371",0,21.46
2007,Czechia,CZE,Europe,76.72,0.1,11.1,0.7,Canada,32889025,0.12,80.54,0.99,0,2.4,"7,371",0,8.53
2007,Bulgaria,BGR,Europe,72.66,0.15,10,0.83,Costa Rica,4404626,0.21,78.36,0.97,0.02,0,"10,643",0,0.17
2007,Bulgaria,BGR,Europe,72.66,0.15,10,0.86,Czechia,10298828,0.1,76.72,1,0,0.02,"1,065",0,0.33
2007,Bulgaria,BGR,Europe,72.66,0.15,10,1.08,Finland,5288720,0.12,79.26,0.99,0,0.37,"1,946",0,0.13
2007,Bulgaria,BGR,Europe,72.66,0.15,10,0.93,France,64016227,0,81.11,1.01,0,0.04,"1,758",0,1.07
2007,Czechia,CZE,Europe,76.72,0.1,11.1,0.93,France,64016227,0,81.11,1.01,0,2.02,"1,758",0,0.27
2007,Bulgaria,BGR,Europe,72.66,0.15,10,0.87,United Kingdom of Great Britain and Northern Ireland,61322463,0.13,79.45,0.99,0,0.04,"2,015",0,0.15
2007,Czechia,CZE,Europe,76.72,0.1,11.1,0.87,United Kingdom of Great Britain and Northern Ireland,61322463,0.13,79.45,1,0,2.37,"2,015",0,1.17
2007,Bulgaria,BGR,Europe,72.66,0.15,10,0.92,Germany,82266372,0.1,79.53,0.99,0,0.03,"1,319",0,4.03
2007,Czechia,CZE,Europe,76.72,0.1,11.1,0.92,Germany,82266372,0.1,79.53,1,0,1.51,"1,319",0,1.64
2007,Bulgaria,BGR,Europe,72.66,0.15,10,0.82,Ireland,4398942,0.13,79.64,0.98,0,0.39,"2,474",0,0.6
2007,Czechia,CZE,Europe,76.72,0.1,11.1,0.82,Ireland,4398942,0.13,79.64,0.98,0,20.72,"2,474",0,1.21
2007,Bulgaria,BGR,Europe,72.66,0.15,10,0.93,Netherlands,16381696,0.12,80.1,0.98,0,0.12,"1,745",0,0.13
2007,Czechia,CZE,Europe,76.72,0.1,11.1,0.93,Netherlands,16381696,0.12,80.1,0.98,0,6.36,"1,745",0,0.12
2007,Bulgaria,BGR,Europe,72.66,0.15,10,0.93,Norway,4709153,0.16,80.4,0.98,0,0.03,"2,096",0,0.11
2007,Bulgaria,BGR,Europe,72.66,0.15,10,0.83,New Zealand,4223800,0.15,80.15,0.99,0,0.37,"17,662",0,0.09
2007,Czechia,CZE,Europe,76.72,0.1,11.1,0.83,New Zealand,4223800,0.15,80.15,1,0,19.25,"17,662",0,0.64
2007,Bulgaria,BGR,Europe,72.66,0.15,10,0.73,Peru,28333050,0.14,73.53,0.98,0.11,0.25,"11,754",0,0.07
2007,Czechia,CZE,Europe,76.72,0.1,11.1,0.73,Peru,28333050,0.14,73.53,0.98,0.11,13.26,"11,754",0,0.05
2007,Bulgaria,BGR,Europe,72.66,0.15,10,0.87,Eswatini,1042651,0,43.31,1.03,0,2.5,"7,716",0,0.07
2007,Bulgaria,BGR,Europe,72.66,0.15,10,0.85,Sweden,9148092,0.13,80.9,0.98,0,0.02,"1,884",0,0.81
2007,Bulgaria,BGR,Europe,72.66,0.15,10,1.07,Switzerland,7551117,0.16,81.74,0.99,0,0.14,"1,336",0,0.34
2007,Czechia,CZE,Europe,76.72,0.1,11.1,1.07,Switzerland,7551117,0.16,81.74,1,0,7.13,"1,336",0,0.13
2007,Bulgaria,BGR,Europe,72.66,0.15,10,0.86,United States of America,301231207,0,77.99,0.99,0.01,0,"4,464",0,18.54
2007,Czechia,CZE,Europe,76.72,0.1,11.1,0.86,United States of America,301231207,0,77.99,0.99,0.01,0.26,"4,464",0,0.7
2008,Bulgaria,BGR,Europe,72.96,0.15,10.4,0.73,Australia,21249200,0.13,81.4,0.97,0,0.06,"15,341",0,0.07
2008,Bulgaria,BGR,Europe,72.96,0.15,10.4,1.2,Austria,8321496,0.11,80.43,1,0.01,0.26,818,0,0.33
2008,Czechia,CZE,Europe,76.98,0.1,11.5,1.2,Austria,8321496,0.11,80.43,1.01,0.01,13.06,818,0,0.05
2008,Bulgaria,BGR,Europe,72.96,0.15,10.4,0.92,Belgium,10709973,0.12,79.68,0.99,0,0.22,"1,698",0,0.55
2008,Czechia,CZE,Europe,76.98,0.1,11.5,0.92,Belgium,10709973,0.12,79.68,1,0,11.24,"1,698",0,0.13
2008,Bulgaria,BGR,Europe,72.96,0.15,10.4,0.82,Canada,33247118,0.12,80.7,0.98,0,0.05,"7,371",0,19.93
2008,Czechia,CZE,Europe,76.98,0.1,11.5,0.82,Canada,33247118,0.12,80.7,0.99,0,2.43,"7,371",0,14.66
2008,Bulgaria,BGR,Europe,72.96,0.15,10.4,0.8,Costa Rica,4463123,0.21,78.49,0.97,0.02,0,"10,643",0,0.17
2008,Bulgaria,BGR,Europe,72.96,0.15,10.4,0.95,Czechia,10384603,0.09,76.98,0.99,0,0.02,"1,065",0,0.33
2008,Bulgaria,BGR,Europe,72.96,0.15,10.4,1.07,Finland,5313399,0.12,79.57,0.99,0,0.38,"1,946",0,0.15
2008,Bulgaria,BGR,Europe,72.96,0.15,10.4,1,France,64374979,0,81.21,1.01,0,0.04,"1,758",0,1.11
2008,Czechia,CZE,Europe,76.98,0.1,11.5,1,France,64374979,0,81.21,1.01,0,2.06,"1,758",0,0.27
2008,Bulgaria,BGR,Europe,72.96,0.15,10.4,1,United Kingdom of Great Britain and Northern Ireland,61806995,0.13,79.6,0.99,0,0.05,"2,015",0,0.15
2008,Czechia,CZE,Europe,76.98,0.1,11.5,1,United Kingdom of Great Britain and Northern Ireland,61806995,0.13,79.6,1,0,2.44,"2,015",0,1.16
2008,Bulgaria,BGR,Europe,72.96,0.15,10.4,1,Germany,82110097,0.1,79.74,0.99,0,0.03,"1,319",0,2.96
2008,Czechia,CZE,Europe,76.98,0.1,11.5,1,Germany,82110097,0.1,79.74,1,0,1.54,"1,319",0,1.58
2008,Czechia,CZE,Europe,76.98,0.1,11.5,1.09,Croatia,4309705,0.09,75.91,1.02,0,11.52,487,0,0.07
2008,Bulgaria,BGR,Europe,72.96,0.15,10.4,1.04,Hungary,10038188,0.1,73.7,1.03,0,0,631,0,0.07
2008,Bulgaria,BGR,Europe,72.96,0.15,10.4,0.93,Ireland,4489544,0.13,80.1,0.98,0,0.44,"2,474",0,0.6
2008,Czechia,CZE,Europe,76.98,0.1,11.5,0.93,Ireland,4489544,0.13,80.1,0.98,0,22.27,"2,474",0,1.2
2008,Bulgaria,BGR,Europe,72.96,0.15,10.4,0.96,Netherlands,16445593,0.12,80.25,0.98,0,0.13,"1,745",0,0.09
2008,Czechia,CZE,Europe,76.98,0.1,11.5,0.96,Netherlands,16445593,0.12,80.25,0.99,0,6.4,"1,745",0,0.12
2008,Bulgaria,BGR,Europe,72.96,0.15,10.4,1.07,Norway,4768212,0.16,80.59,0.98,0,0.03,"2,096",0,0.17
2008,Bulgaria,BGR,Europe,72.96,0.15,10.4,0.88,New Zealand,4259800,0.14,80.35,0.99,0,0.39,"17,662",0,0.09
2008,Czechia,CZE,Europe,76.98,0.1,11.5,0.88,New Zealand,4259800,0.14,80.35,1,0,19.99,"17,662",0,0.66
2008,Bulgaria,BGR,Europe,72.96,0.15,10.4,0.8,Peru,28562321,0.14,73.83,0.98,0.09,0.24,"11,754",0,0.07
2008,Czechia,CZE,Europe,76.98,0.1,11.5,0.8,Peru,28562321,0.14,73.83,0.98,0.09,12.48,"11,754",0,0.05
2008,Bulgaria,BGR,Europe,72.96,0.15,10.4,0.88,Eswatini,1049948,0.22,44.17,1.03,0,2.63,"7,716",0,0.07
2008,Bulgaria,BGR,Europe,72.96,0.15,10.4,0.87,Sweden,9219637,0.13,81.1,0.98,0.01,0.02,"1,884",0,0.56
2008,Bulgaria,BGR,Europe,72.96,0.15,10.4,1.03,Switzerland,7647675,0.16,81.99,0.99,0,0.14,"1,336",0,0.45
2008,Czechia,CZE,Europe,76.98,0.1,11.5,1.03,Switzerland,7647675,0.16,81.99,1,0,7.13,"1,336",0,0.13
2008,Bulgaria,BGR,Europe,72.96,0.15,10.4,0.87,United States of America,304093966,0,78.04,0.99,0.01,0.01,"4,464",0,16.54
2008,Czechia,CZE,Europe,76.98,0.1,11.5,0.87,United States of America,304093966,0,78.04,0.99,0.01,0.27,"4,464",0,0.52
2009,Bulgaria,BGR,Europe,73.41,0.15,10.9,0.87,Australia,21691700,0.13,81.54,0.97,0,0.05,"15,341",0,0.07
2009,Bulgaria,BGR,Europe,73.41,0.15,10.9,1.12,Austria,8343323,0.11,80.33,1,0.01,0.26,818,0,0.31
2009,Bulgaria,BGR,Europe,73.41,0.15,10.9,0.99,Belgium,10796493,0.12,80.03,0.99,0,0.22,"1,698",0,0.46
2009,Czechia,CZE,Europe,77.08,0.1,11.3,0.99,Belgium,10796493,0.12,80.03,1,0,10.93,"1,698",0,0.11
2009,Bulgaria,BGR,Europe,73.41,0.15,10.9,0.8,Canada,33628895,0.12,81,0.98,0,0.05,"7,371",0,17.57
2009,Czechia,CZE,Europe,77.08,0.1,11.3,0.8,Canada,33628895,0.12,81,0.99,0,2.39,"7,371",0,24.38
2009,Bulgaria,BGR,Europe,73.41,0.15,10.9,0.8,Costa Rica,4520739,0.23,78.63,0.97,0.02,0,"10,643",0,0.17
2009,Bulgaria,BGR,Europe,73.41,0.15,10.9,0.91,Czechia,10443936,0.09,77.08,0.99,0,0.02,"1,065",0,0.34
2009,Bulgaria,BGR,Europe,73.41,0.15,10.9,1.14,Finland,5338871,0.12,79.72,0.99,0,0.4,"1,946",0,2.36
2009,Bulgaria,BGR,Europe,73.41,0.15,10.9,1.03,France,64707035,0,81.41,1.01,0,0.04,"1,758",0,1.13
2009,Czechia,CZE,Europe,77.08,0.1,11.3,1.03,France,64707035,0,81.41,1.01,0,2.03,"1,758",0,0.25
2009,Bulgaria,BGR,Europe,73.41,0.15,10.9,0.96,United Kingdom of Great Britain and Northern Ireland,62276270,0.12,80.05,0.99,0,0.05,"2,015",0,0.15
2009,Czechia,CZE,Europe,77.08,0.1,11.3,0.96,United Kingdom of Great Britain and Northern Ireland,62276270,0.12,80.05,1,0,2.43,"2,015",0,1.15
2009,Bulgaria,BGR,Europe,73.41,0.15,10.9,1.04,Germany,81902307,0.1,79.84,0.99,0,0.03,"1,319",0,2.79
2009,Czechia,CZE,Europe,77.08,0.1,11.3,1.04,Germany,81902307,0.1,79.84,1,0,1.55,"1,319",0,1.58
2009,Bulgaria,BGR,Europe,73.41,0.15,10.9,0.9,Hungary,10022650,0.1,73.9,1.03,0,0,631,0,0.07
2009,Bulgaria,BGR,Europe,73.41,0.15,10.9,0.82,Ireland,4535375,0.13,80.19,0.98,0,0.45,"2,474",0,0.59
2009,Czechia,CZE,Europe,77.08,0.1,11.3,0.82,Ireland,4535375,0.13,80.19,0.99,0,22.38,"2,474",0,1.2
2009,Bulgaria,BGR,Europe,73.41,0.15,10.9,1,Netherlands,16530388,0.12,80.55,0.98,0,0.13,"1,745",0,0.07
2009,Czechia,CZE,Europe,77.08,0.1,11.3,1,Netherlands,16530388,0.12,80.55,0.99,0,6.33,"1,745",0,0.11
2009,Bulgaria,BGR,Europe,73.41,0.15,10.9,0.87,Norway,4828726,0.16,80.8,0.98,0,0.03,"2,096",0,0.17
2009,Czechia,CZE,Europe,77.08,0.1,11.3,0.87,Norway,4828726,0.16,80.8,0.98,0,1.46,"2,096",0,0.05
2009,Bulgaria,BGR,Europe,73.41,0.15,10.9,0.9,New Zealand,4302600,0.15,80.7,0.99,0,0.38,"17,662",0,0.09
2009,Czechia,CZE,Europe,77.08,0.1,11.3,0.9,New Zealand,4302600,0.15,80.7,1,0,19.09,"17,662",0,0.75
2009,Bulgaria,BGR,Europe,73.41,0.15,10.9,0.81,Peru,28792663,0.15,74.12,0.98,0.07,0.23,"11,754",0,0.07
2009,Czechia,CZE,Europe,77.08,0.1,11.3,0.81,Peru,28792663,0.15,74.12,0.98,0.07,11.77,"11,754",0,0.05
2009,Bulgaria,BGR,Europe,73.41,0.15,10.9,0.92,Sweden,9298515,0.13,81.35,0.98,0,0.02,"1,884",0,0.59
2009,Bulgaria,BGR,Europe,73.41,0.15,10.9,1.1,Switzerland,7743831,0.16,82.04,0.99,0,0.14,"1,336",0,0.26
2009,Czechia,CZE,Europe,77.08,0.1,11.3,1.1,Switzerland,7743831,0.16,82.04,1,0,6.94,"1,336",0,0.12
2009,Bulgaria,BGR,Europe,73.41,0.15,10.9,0.91,United States of America,306771529,0,78.39,0.99,0.01,0.01,"4,464",0,15.42
2009,Czechia,CZE,Europe,77.08,0.1,11.3,0.91,United States of America,306771529,0,78.39,0.99,0.01,0.26,"4,464",0,0.53
2010,Bulgaria,BGR,Europe,73.51,0.15,10.2,0.87,Australia,22031750,0.14,81.7,0.97,0,0.05,"15,341",0,0.07
2010,Czechia,CZE,Europe,77.42,0.1,11.2,0.87,Australia,22031750,0.14,81.7,0.98,0,2.71,"15,341",0,0.05
2010,Bulgaria,BGR,Europe,73.51,0.15,10.2,0.92,Austria,8363404,0.11,80.58,1,0.01,0.26,818,0,0.23
2010,Bulgaria,BGR,Europe,73.51,0.15,10.2,1,Belgium,10895586,0.12,80.18,0.99,0,0.21,"1,698",0,0.32
2010,Czechia,CZE,Europe,77.42,0.1,11.2,1,Belgium,10895586,0.12,80.18,1,0,10.89,"1,698",0,0.11
2010,Bulgaria,BGR,Europe,73.51,0.15,10.2,0.79,Canada,34004889,0.12,81.25,0.98,0,0.05,"7,371",0,16.09
2010,Czechia,CZE,Europe,77.42,0.1,11.2,0.79,Canada,34004889,0.12,81.25,0.99,0,2.38,"7,371",0,13.35
2010,Bulgaria,BGR,Europe,73.51,0.15,10.2,0.84,Costa Rica,4577371,0.23,78.77,0.97,0.02,0,"10,643",0,0.18
2010,Bulgaria,BGR,Europe,73.51,0.15,10.2,0.81,Czechia,10474410,0.09,77.42,0.99,0,0.02,"1,065",0,0.34
2010,Bulgaria,BGR,Europe,73.51,0.15,10.2,0.89,Denmark,5547683,0.15,79.1,0.98,0,0.04,"1,637",0,0.07
2010,Bulgaria,BGR,Europe,73.51,0.15,10.2,0.9,Finland,5363352,0.12,79.87,0.99,0,0.4,"1,946",0,0.07
2010,Bulgaria,BGR,Europe,73.51,0.15,10.2,0.97,France,65027505,0,81.66,1.01,0,0.04,"1,758",0,1.14
2010,Bulgaria,BGR,Europe,73.51,0.15,10.2,0.95,United Kingdom of Great Britain and Northern Ireland,62766365,0.13,80.4,0.99,0,0.05,"2,015",0,0.15
2010,Czechia,CZE,Europe,77.42,0.1,11.2,0.95,United Kingdom of Great Britain and Northern Ireland,62766365,0.13,80.4,1,0,2.44,"2,015",0,0.95
2010,Bulgaria,BGR,Europe,73.51,0.15,10.2,0.92,Germany,81776930,0.1,79.99,0.99,0,0.03,"1,319",0,2.74
2010,Czechia,CZE,Europe,77.42,0.1,11.2,0.92,Germany,81776930,0.1,79.99,1,0,1.53,"1,319",0,1.66
2010,Bulgaria,BGR,Europe,73.51,0.15,10.2,0.75,Hungary,10000023,0.1,74.21,1.03,0,0,631,0,0.07
2010,Bulgaria,BGR,Europe,73.51,0.15,10.2,0.85,Ireland,4560155,0.09,80.74,0.98,0.01,0.44,"2,474",0,0.59
2010,Czechia,CZE,Europe,77.42,0.1,11.2,0.85,Ireland,4560155,0.09,80.74,0.99,0.01,22.53,"2,474",0,1.15
2010,Bulgaria,BGR,Europe,73.51,0.15,10.2,0.97,Netherlands,16615394,0.12,80.7,0.98,0,0.13,"1,745",0,0.07
2010,Czechia,CZE,Europe,77.42,0.1,11.2,0.97,Netherlands,16615394,0.12,80.7,0.99,0,6.4,"1,745",0,0.11
2010,Bulgaria,BGR,Europe,73.51,0.15,10.2,0.92,Norway,4889252,0.15,81,0.97,0,0.03,"2,096",0,0.16
2010,Czechia,CZE,Europe,77.42,0.1,11.2,0.92,Norway,4889252,0.15,81,0.98,0,1.49,"2,096",0,0.05
2010,Bulgaria,BGR,Europe,73.51,0.15,10.2,0.9,New Zealand,4350700,0.16,80.7,0.99,0,0.38,"17,662",0,0.09
2010,Czechia,CZE,Europe,77.42,0.1,11.2,0.9,New Zealand,4350700,0.16,80.7,1,0,19.26,"17,662",0,0.76
2010,Bulgaria,BGR,Europe,73.51,0.15,10.2,0.86,Peru,29027680,0.14,74.41,0.98,0.06,0.22,"11,754",0,0.07
2010,Czechia,CZE,Europe,77.42,0.1,11.2,0.86,Peru,29027680,0.14,74.41,0.98,0.06,11.13,"11,754",0,0.05
2010,Bulgaria,BGR,Europe,73.51,0.15,10.2,0.79,Sweden,9378126,0.13,81.45,0.98,0.01,0.02,"1,884",0,0.49
2010,Bulgaria,BGR,Europe,73.51,0.15,10.2,0.96,Switzerland,7824909,0.15,82.25,0.99,0,0.14,"1,336",0,0.26
2010,Czechia,CZE,Europe,77.42,0.1,11.2,0.96,Switzerland,7824909,0.15,82.25,1,0,6.88,"1,336",0,0.11
2010,Bulgaria,BGR,Europe,73.51,0.15,10.2,0.89,United States of America,309327143,0,78.54,0.99,0.01,0.01,"4,464",0,13.08
2010,Czechia,CZE,Europe,77.42,0.1,11.2,0.89,United States of America,309327143,0,78.54,0.99,0.01,0.26,"4,464",0,0.41
2011,Bulgaria,BGR,Europe,74.16,0.15,9.6,1.12,Austria,8391643,0.11,80.98,1,0,0.25,818,0,0.15
2011,Bulgaria,BGR,Europe,74.16,0.15,9.6,1.02,Belgium,11038264,0.12,80.59,0.99,0,0.22,"1,698",0,0.39
2011,Czechia,CZE,Europe,77.87,0.1,10.4,1.02,Belgium,11038264,0.12,80.59,1,0,10.89,"1,698",0,0.1
2011,Bulgaria,BGR,Europe,74.16,0.15,9.6,0.81,Canada,34339328,0.12,81.45,0.98,0,0.05,"7,371",0,14.7
2011,Czechia,CZE,Europe,77.87,0.1,10.4,0.81,Canada,34339328,0.12,81.45,0.99,0,2.34,"7,371",0,8.46
2011,Bulgaria,BGR,Europe,74.16,0.15,9.6,0.89,Costa Rica,4633086,0.23,78.92,0.97,0.02,0,"10,643",0,0.18
2011,Bulgaria,BGR,Europe,74.16,0.15,9.6,0.94,Czechia,10496088,0.1,77.87,0.99,0,0.02,"1,065",0,0.34
2011,Bulgaria,BGR,Europe,74.16,0.15,9.6,1.02,Finland,5388272,0.12,80.47,0.99,0,0.4,"1,946",0,0.14
2011,Bulgaria,BGR,Europe,74.16,0.15,9.6,0.99,France,65342789,0,82.11,1.01,0,0.04,"1,758",0,1.12
2011,Czechia,CZE,Europe,77.87,0.1,10.4,0.99,France,65342789,0,82.11,1.01,0,2.03,"1,758",0,0.27
2011,Bulgaria,BGR,Europe,74.16,0.15,9.6,0.99,United Kingdom of Great Britain and Northern Ireland,63258810,0.12,80.95,0.99,0,0.05,"2,015",0,0.22
2011,Czechia,CZE,Europe,77.87,0.1,10.4,0.99,United Kingdom of Great Britain and Northern Ireland,63258810,0.12,80.95,1,0,2.44,"2,015",0,0.91
2011,Bulgaria,BGR,Europe,74.16,0.15,9.6,0.91,Germany,80274983,0.11,80.44,0.99,0,0.03,"1,319",0,2.75
2011,Czechia,CZE,Europe,77.87,0.1,10.4,0.91,Germany,80274983,0.11,80.44,1,0,1.5,"1,319",0,1.59
2011,Bulgaria,BGR,Europe,74.16,0.15,9.6,0.97,Ireland,4580084,0.12,80.75,0.98,0.01,0.45,"2,474",0,0.31
2011,Czechia,CZE,Europe,77.87,0.1,10.4,0.97,Ireland,4580084,0.12,80.75,0.99,0.01,22.68,"2,474",0,0.9
2011,Bulgaria,BGR,Europe,74.16,0.15,9.6,1.03,Netherlands,16693074,0.12,81.2,0.98,0,0.13,"1,745",0,0.07
2011,Bulgaria,BGR,Europe,74.16,0.15,9.6,0.8,Norway,4953088,0.15,81.3,0.97,0,0.03,"2,096",0,0.22
2011,Bulgaria,BGR,Europe,74.16,0.15,9.6,0.92,New Zealand,4384000,0.16,80.9,0.99,0,0.38,"17,662",0,0.1
2011,Czechia,CZE,Europe,77.87,0.1,10.4,0.92,New Zealand,4384000,0.16,80.9,1,0,19.17,"17,662",0,0.73
2011,Bulgaria,BGR,Europe,74.16,0.15,9.6,0.88,Peru,29264314,0.14,74.7,0.98,0.05,0.21,"11,754",0,0.07
2011,Czechia,CZE,Europe,77.87,0.1,10.4,0.88,Peru,29264314,0.14,74.7,0.99,0.05,10.65,"11,754",0,0.05
2011,Bulgaria,BGR,Europe,74.16,0.15,9.6,0.95,South Africa,52003759,0.19,58.9,0.99,0,0.02,"7,627",0,0.07
2011,Bulgaria,BGR,Europe,74.16,0.15,9.6,0.85,Sweden,9449213,0.13,81.8,0.98,0.01,0.02,"1,884",0,0.63
2011,Bulgaria,BGR,Europe,74.16,0.15,9.6,1.17,Switzerland,7912398,0.15,82.7,0.99,0,0.14,"1,336",0,0.64
2011,Czechia,CZE,Europe,77.87,0.1,10.4,1.17,Switzerland,7912398,0.15,82.7,1,0,6.87,"1,336",0,0.1
2011,Bulgaria,BGR,Europe,74.16,0.15,9.6,0.86,United States of America,311583481,0,78.64,0.99,0.01,0.01,"4,464",0,12.02
2011,Czechia,CZE,Europe,77.87,0.1,10.4,0.86,United States of America,311583481,0,78.64,0.99,0.01,0.26,"4,464",0,0.36
2012,Bulgaria,BGR,Europe,74.31,0.15,9.5,0.93,Austria,8429991,0.11,80.94,1,0.01,0.25,818,0,0.15
2012,Bulgaria,BGR,Europe,74.31,0.15,9.5,0.91,Belgium,11106932,0,80.39,0.99,0,0.22,"1,698",0,0.33
2012,Czechia,CZE,Europe,78.08,0.1,10.3,0.91,Belgium,11106932,0,80.39,1,0,10.73,"1,698",0,0.09
2012,Bulgaria,BGR,Europe,74.31,0.15,9.5,0.86,Canada,34714222,0,81.65,0.98,0,0.05,"7,371",0,13.55
2012,Czechia,CZE,Europe,78.08,0.1,10.3,0.86,Canada,34714222,0,81.65,0.99,0,2.29,"7,371",0,3.9
2012,Bulgaria,BGR,Europe,74.31,0.15,9.5,0.94,Costa Rica,4688003,0.24,79.07,0.97,0.02,0,"10,643",0,0.18
2012,Bulgaria,BGR,Europe,74.31,0.15,9.5,0.8,Czechia,10510785,0.09,78.08,0.99,0,0.02,"1,065",0,0.36
2012,Bulgaria,BGR,Europe,74.31,0.15,9.5,0.94,Denmark,5591572,0.12,80.05,0.98,0,0.04,"1,637",0,0.07
2012,Bulgaria,BGR,Europe,74.31,0.15,9.5,0.94,Finland,5413971,0.13,80.63,0.99,0,0.41,"1,946",0,0.1
2012,Bulgaria,BGR,Europe,74.31,0.15,9.5,0.97,France,65659814,0,81.97,1,0,0.04,"1,758",0,1.07
2012,Czechia,CZE,Europe,78.08,0.1,10.3,0.97,France,65659814,0,81.97,1.01,0,2.01,"1,758",0,0.28
2012,Bulgaria,BGR,Europe,74.31,0.15,9.5,0.86,United Kingdom of Great Britain and Northern Ireland,63700215,0,80.9,0.99,0,0.05,"2,015",0,0.23
2012,Czechia,CZE,Europe,78.08,0.1,10.3,0.86,United Kingdom of Great Britain and Northern Ireland,63700215,0,80.9,1,0,2.39,"2,015",0,0.33
2012,Bulgaria,BGR,Europe,74.31,0.15,9.5,0.95,Germany,80425823,0.11,80.54,0.99,0,0.03,"1,319",0,2.81
2012,Czechia,CZE,Europe,78.08,0.1,10.3,0.95,Germany,80425823,0.11,80.54,1,0,1.48,"1,319",0,1.57
2012,Bulgaria,BGR,Europe,74.31,0.15,9.5,0.84,Ireland,4599533,0.14,80.85,0.98,0,0.45,"2,474",0,0.07
2012,Czechia,CZE,Europe,78.08,0.1,10.3,0.84,Ireland,4599533,0.14,80.85,0.99,0,22.52,"2,474",0,0.43
2012,Bulgaria,BGR,Europe,74.31,0.15,9.5,0.96,Netherlands,16754962,0.12,81.1,0.98,0,0.13,"1,745",0,0.07
2012,Bulgaria,BGR,Europe,74.31,0.15,9.5,0.84,Norway,5018573,0.17,81.45,0.97,0,0.03,"2,096",0,0.11
2012,Bulgaria,BGR,Europe,74.31,0.15,9.5,0.91,New Zealand,4408100,0.18,81.16,0.99,0,0.37,"17,662",0,0.1
2012,Czechia,CZE,Europe,78.08,0.1,10.3,0.91,New Zealand,4408100,0.18,81.16,1,0,18.6,"17,662",0,0.71
2012,Bulgaria,BGR,Europe,74.31,0.15,9.5,0.93,Peru,29506790,0.14,74.98,0.98,0.05,0.2,"11,754",0,0.07
2012,Czechia,CZE,Europe,78.08,0.1,10.3,0.93,Peru,29506790,0.14,74.98,0.99,0.05,9.96,"11,754",0,0.05
2012,Bulgaria,BGR,Europe,74.31,0.15,9.5,0.99,South Africa,52832659,0.2,60.06,0.99,0,0.02,"7,627",0,0.07
2012,Bulgaria,BGR,Europe,74.31,0.15,9.5,1,Eswatini,1079285,0,49.86,1.03,0,2.34,"7,716",0,0.07
2012,Bulgaria,BGR,Europe,74.31,0.15,9.5,0.9,Sweden,9519374,0.15,81.7,0.98,0.01,0.02,"1,884",0,0.52
2012,Bulgaria,BGR,Europe,74.31,0.15,9.5,1.02,Switzerland,7996861,0.15,82.7,0.99,0,0.14,"1,336",0,0.23
2012,Czechia,CZE,Europe,78.08,0.1,10.3,1.02,Switzerland,7996861,0.15,82.7,1,0,6.74,"1,336",0,0.08
2012,Bulgaria,BGR,Europe,74.31,0.15,9.5,0.85,United States of America,313877662,0,78.74,0.99,0.01,0.01,"4,464",0,11.06
2012,Czechia,CZE,Europe,78.08,0.1,10.3,0.85,United States of America,313877662,0,78.74,0.99,0.01,0.25,"4,464",0,0.31
2013,Bulgaria,BGR,Europe,74.86,0.14,9.2,0.93,Austria,8479823,0.11,81.14,1,0,0.25,818,0,0.14
2013,Bulgaria,BGR,Europe,74.86,0.14,9.2,0.98,Belgium,11159407,0.12,80.59,0.99,0,0.21,"1,698",0,0.29
2013,Bulgaria,BGR,Europe,74.86,0.14,9.2,1.07,Canada,35082954,0,81.75,0.98,0.01,0.04,"7,371",0,11.71
2013,Czechia,CZE,Europe,78.18,0.1,10.2,1.07,Canada,35082954,0,81.75,0.99,0.01,2.23,"7,371",0,3.1
2013,Bulgaria,BGR,Europe,74.86,0.14,9.2,0.94,Costa Rica,4742111,0.23,79.23,0.97,0.02,0,"10,643",0,0.18
2013,Bulgaria,BGR,Europe,74.86,0.14,9.2,0.91,Czechia,10514272,0.09,78.18,0.99,0,0.02,"1,065",0,0.36
2013,Bulgaria,BGR,Europe,74.86,0.14,9.2,0.94,Denmark,5614932,0.15,80.3,0.98,0,0.04,"1,637",0,0.07
2013,Bulgaria,BGR,Europe,74.86,0.14,9.2,0.95,France,65998685,0,82.22,1,0,0.04,"1,758",0,1.07
2013,Czechia,CZE,Europe,78.18,0.1,10.2,0.95,France,65998685,0,82.22,1.01,0,1.99,"1,758",0,0.28
2013,Bulgaria,BGR,Europe,74.86,0.14,9.2,0.9,United Kingdom of Great Britain and Northern Ireland,64128273,0.13,81,0.99,0,0.05,"2,015",0,0.19
2013,Czechia,CZE,Europe,78.18,0.1,10.2,0.9,United Kingdom of Great Britain and Northern Ireland,64128273,0.13,81,1,0,2.34,"2,015",0,0.1
2013,Bulgaria,BGR,Europe,74.86,0.14,9.2,0.96,Germany,80645605,0.11,80.49,0.99,0,0.03,"1,319",0,1.67
2013,Czechia,CZE,Europe,78.18,0.1,10.2,0.96,Germany,80645605,0.11,80.49,1,0,1.47,"1,319",0,4.9
2013,Bulgaria,BGR,Europe,74.86,0.14,9.2,0.95,Ireland,4623816,0.13,80.95,0.98,0.01,0.44,"2,474",0,0.54
2013,Czechia,CZE,Europe,78.18,0.1,10.2,0.95,Ireland,4623816,0.13,80.95,0.99,0.01,22.22,"2,474",0,0.97
2013,Bulgaria,BGR,Europe,74.86,0.14,9.2,0.98,Netherlands,16804432,0.12,81.3,0.98,0,0.13,"1,745",0,0.07
2013,Bulgaria,BGR,Europe,74.86,0.14,9.2,0.79,Norway,5079623,0.17,81.75,0.97,0,0.03,"2,096",0,0.15
2013,Bulgaria,BGR,Europe,74.86,0.14,9.2,0.93,New Zealand,4442100,0.17,81.41,0.99,0,0.36,"17,662",0,0.1
2013,Czechia,CZE,Europe,78.18,0.1,10.2,0.93,New Zealand,4442100,0.17,81.41,1,0,18.1,"17,662",0,0.6
2013,Bulgaria,BGR,Europe,74.86,0.14,9.2,1.03,South Africa,53687125,0.19,61.1,0.99,0,0.02,"7,627",0,0.07
2013,Bulgaria,BGR,Europe,74.86,0.14,9.2,1.02,Eswatini,1086843,0,51.7,1.02,0,2.24,"7,716",0,0.07
2013,Bulgaria,BGR,Europe,74.86,0.14,9.2,0.89,Sweden,9600379,0.15,81.96,0.97,0.01,0.02,"1,884",0,0.45
2013,Bulgaria,BGR,Europe,74.86,0.14,9.2,0.92,Switzerland,8089346,0.15,82.8,0.99,0,0.13,"1,336",0,0.29
2013,Czechia,CZE,Europe,78.18,0.1,10.2,0.92,Switzerland,8089346,0.15,82.8,0.99,0,6.61,"1,336",0,0.08
2013,Bulgaria,BGR,Europe,74.86,0.14,9.2,1,Ukraine,45489648,0.14,71.16,1.05,0,0.03,"1,022",0,0.07
2013,Bulgaria,BGR,Europe,74.86,0.14,9.2,0.93,United States of America,316059947,0,78.74,0.98,0.01,0,"4,464",0,10.76
2013,Czechia,CZE,Europe,78.18,0.1,10.2,0.93,United States of America,316059947,0,78.74,0.99,0.01,0.25,"4,464",0,0.4
2014,Czechia,CZE,Europe,78.82,0.1,10.4,0.99,Australia,23475686,0.14,82.3,0.99,0.01,2.5,"15,341",0,0.05
2014,Bulgaria,BGR,Europe,74.47,0.15,9.4,1.08,Austria,8546356,0.1,81.49,0.99,0,0.25,818,0,0.07
2014,Bulgaria,BGR,Europe,74.47,0.15,9.4,1.09,Belgium,11209057,0.12,81.29,0.99,0,0.21,"1,698",0,0.33
2014,Bulgaria,BGR,Europe,74.47,0.15,9.4,0.93,Canada,35437435,0,81.8,0.98,0,0.04,"7,371",0,9.36
2014,Czechia,CZE,Europe,78.82,0.1,10.4,0.93,Canada,35437435,0,81.8,0.99,0,2.22,"7,371",0,2.97
2014,Bulgaria,BGR,Europe,74.47,0.15,9.4,0.99,Costa Rica,4795390,0.23,79.4,0.97,0.02,0,"10,643",0,0.18
2014,Bulgaria,BGR,Europe,74.47,0.15,9.4,1.04,Czechia,10525347,0.09,78.82,0.99,0,0.02,"1,065",0,0.21
2014,Bulgaria,BGR,Europe,74.47,0.15,9.4,1.07,Finland,5461512,0.12,81.18,0.99,0,0.41,"1,946",0,0.07
2014,Bulgaria,BGR,Europe,74.47,0.15,9.4,1.05,France,66312067,0,82.72,1,0,0.04,"1,758",0,1.08
2014,Czechia,CZE,Europe,78.82,0.1,10.4,1.05,France,66312067,0,82.72,1.01,0,2.02,"1,758",0,0.29
2014,Bulgaria,BGR,Europe,74.47,0.15,9.4,1.04,United Kingdom of Great Britain and Northern Ireland,64602298,0.13,81.3,0.99,0,0.05,"2,015",0,0.1
2014,Bulgaria,BGR,Europe,74.47,0.15,9.4,1.08,Germany,80982500,0.11,81.09,0.99,0,0.03,"1,319",0,1.76
2014,Czechia,CZE,Europe,78.82,0.1,10.4,1.08,Germany,80982500,0.11,81.09,1,0,1.47,"1,319",0,8.3
2014,Bulgaria,BGR,Europe,74.47,0.15,9.4,1,Ireland,4657740,0.13,81.35,0.98,0,0.41,"2,474",0,0.48
2014,Czechia,CZE,Europe,78.82,0.1,10.4,1,Ireland,4657740,0.13,81.35,0.99,0,20.91,"2,474",0,0.95
2014,Bulgaria,BGR,Europe,74.47,0.15,9.4,1.03,Netherlands,16865008,0.12,81.71,0.98,0,0.13,"1,745",0,0.07
2014,Bulgaria,BGR,Europe,74.47,0.15,9.4,0.97,Norway,5137232,0.17,82.1,0.97,0,0.03,"2,096",0,0.15
2014,Bulgaria,BGR,Europe,74.47,0.15,9.4,1.02,New Zealand,4516500,0.16,81.4,0.99,0,0.35,"17,662",0,0.1
2014,Czechia,CZE,Europe,78.82,0.1,10.4,1.02,New Zealand,4516500,0.16,81.4,1,0,17.83,"17,662",0,0.45
2014,Bulgaria,BGR,Europe,74.47,0.15,9.4,1.09,South Africa,54544184,0.19,61.97,0.99,0.19,0.02,"7,627",0,0.14
2014,Czechia,CZE,Europe,78.82,0.1,10.4,1.09,South Africa,54544184,0.19,61.97,1,0.19,1.01,"7,627",0,0.05
2014,Bulgaria,BGR,Europe,74.47,0.15,9.4,1,Sweden,9696110,0.15,82.25,0.97,0.01,0.02,"1,884",0,0.39
2014,Bulgaria,BGR,Europe,74.47,0.15,9.4,1.1,Switzerland,8188649,0.15,83.2,0.98,0,0.13,"1,336",0,0.15
2014,Czechia,CZE,Europe,78.82,0.1,10.4,1.1,Switzerland,8188649,0.15,83.2,0.99,0,6.6,"1,336",0,0.08
2014,Bulgaria,BGR,Europe,74.47,0.15,9.4,0.98,United States of America,318386329,0,78.84,0.98,0.01,0,"4,464",0,10.71
2014,Czechia,CZE,Europe,78.82,0.1,10.4,0.98,United States of America,318386329,0,78.84,0.99,0.01,0.25,"4,464",0,0.34
2015,Czechia,CZE,Europe,78.58,0.11,10.5,0.99,Australia,23815995,0.14,82.4,0.99,0,2.58,"15,341",0,0.05
2015,Bulgaria,BGR,Europe,74.61,0.15,9.2,1,Belgium,11274196,0.12,80.99,0.99,0,0.22,"1,698",0,0.35
2015,Czechia,CZE,Europe,78.58,0.11,10.5,1,Belgium,11274196,0.12,80.99,1,0,11.1,"1,698",0,0.06
2015,Bulgaria,BGR,Europe,74.61,0.15,9.2,1.03,Brazil,204471759,0.16,74.99,0.99,0.03,0.02,"9,734",0,0.07
2015,Bulgaria,BGR,Europe,74.61,0.15,9.2,0.99,Canada,35702908,0,81.9,0.98,0,0.05,"7,371",0,6.09
2015,Czechia,CZE,Europe,78.58,0.11,10.5,0.99,Canada,35702908,0,81.9,0.99,0,2.32,"7,371",0,3.24
2015,Bulgaria,BGR,Europe,74.61,0.15,9.2,0.95,Czechia,10546059,0.14,78.58,0.99,0,0.02,"1,065",0,0.22
2015,Bulgaria,BGR,Europe,74.61,0.15,9.2,0.97,Finland,5479531,0.12,81.48,0.99,0,0.42,"1,946",0,0.07
2015,Bulgaria,BGR,Europe,74.61,0.15,9.2,1.04,France,66548272,0,82.32,1,0,0.04,"1,758",0,1.02
2015,Czechia,CZE,Europe,78.58,0.11,10.5,1.04,France,66548272,0,82.32,1.01,0,2.1,"1,758",0,0.27
2015,Bulgaria,BGR,Europe,74.61,0.15,9.2,1.03,United Kingdom of Great Britain and Northern Ireland,65116219,0.13,80.96,0.99,0,0.05,"2,015",0,0.07
2015,Bulgaria,BGR,Europe,74.61,0.15,9.2,0.98,Germany,81686611,0.11,80.64,0.99,0,0.03,"1,319",0,1.49
2015,Czechia,CZE,Europe,78.58,0.11,10.5,0.98,Germany,81686611,0.11,80.64,1,0,1.53,"1,319",0,7.98
2015,Bulgaria,BGR,Europe,74.61,0.15,9.2,1.04,Ireland,4701957,0.13,81.45,0.98,0,0.34,"2,474",0,0.49
2015,Czechia,CZE,Europe,78.58,0.11,10.5,1.04,Ireland,4701957,0.13,81.45,0.99,0,17.6,"2,474",0,0.95
2015,Bulgaria,BGR,Europe,74.61,0.15,9.2,1.02,Norway,5188607,0.16,82.3,0.97,0,0.03,"2,096",0,0.15
2015,Bulgaria,BGR,Europe,74.61,0.15,9.2,0.96,New Zealand,4609400,0.16,81.46,0.99,0,0.35,"17,662",0,0.15
2015,Czechia,CZE,Europe,78.58,0.11,10.5,0.96,New Zealand,4609400,0.16,81.46,1,0,18.11,"17,662",0,0.22
2015,Bulgaria,BGR,Europe,74.61,0.15,9.2,1,South Africa,55386369,0.19,62.65,0.99,0,0.02,"7,627",0,0.14
2015,Czechia,CZE,Europe,78.58,0.11,10.5,1,South Africa,55386369,0.19,62.65,1,0,1.05,"7,627",0,0.05
2015,Bulgaria,BGR,Europe,74.61,0.15,9.2,1.04,Sweden,9799186,0.15,82.2,0.97,0,0.02,"1,884",0,0.38
2015,Bulgaria,BGR,Europe,74.61,0.15,9.2,0.97,Switzerland,8282396,0.15,82.9,0.98,0,0.13,"1,336",0,0.15
2015,Czechia,CZE,Europe,78.58,0.11,10.5,0.97,Switzerland,8282396,0.15,82.9,0.99,0,6.84,"1,336",0,0.06
2015,Bulgaria,BGR,Europe,74.61,0.15,9.2,0.96,United States of America,320738994,0.14,78.69,0.98,0.01,0,"4,464",0,9.65
2015,Czechia,CZE,Europe,78.58,0.11,10.5,0.96,United States of America,320738994,0.14,78.69,0.99,0.01,0.25,"4,464",0,0.39
2016,Bulgaria,BGR,Europe,74.81,0.15,9.1,1.02,Australia,24190907,0.14,82.45,0.98,0.01,0.05,"15,341",0,0.07
2016,Czechia,CZE,Europe,79.03,0.1,10.7,1.02,Australia,24190907,0.14,82.45,0.99,0.01,2.57,"15,341",0,0.05
2016,Bulgaria,BGR,Europe,74.81,0.15,9.1,0.91,Belgium,11331422,0.12,81.44,0.99,0,0.22,"1,698",0,0.27
2016,Czechia,CZE,Europe,79.03,0.1,10.7,0.91,Belgium,11331422,0.12,81.44,1,0,11.24,"1,698",0,0.06
2016,Bulgaria,BGR,Europe,74.81,0.15,9.1,0.99,Brazil,206163056,0.16,75.23,0.99,0.04,0.02,"9,734",0,0.07
2016,Bulgaria,BGR,Europe,74.81,0.15,9.1,1.08,Canada,36109487,0,81.9,0.98,0,0.05,"7,371",0,2.22
2016,Czechia,CZE,Europe,79.03,0.1,10.7,1.08,Canada,36109487,0,81.9,0.99,0,2.36,"7,371",0,5.44
2016,Bulgaria,BGR,Europe,74.81,0.15,9.1,1.01,Czechia,10566332,0.14,79.03,0.99,0,0.02,"1,065",0,0.22
2016,Bulgaria,BGR,Europe,74.81,0.15,9.1,0.96,Finland,5495303,0.12,81.43,0.99,0,0.42,"1,946",0,0.07
2016,Bulgaria,BGR,Europe,74.81,0.15,9.1,0.91,France,66724104,0,82.57,1,0,0.04,"1,758",0,1.02
2016,Czechia,CZE,Europe,79.03,0.1,10.7,0.91,France,66724104,0,82.57,1.01,0,2.13,"1,758",0,0.26
2016,Bulgaria,BGR,Europe,74.81,0.15,9.1,0.95,Germany,82348669,0.11,80.99,0.99,0,0.03,"1,319",0,1.43
2016,Czechia,CZE,Europe,79.03,0.1,10.7,0.95,Germany,82348669,0.11,80.99,1,0,1.53,"1,319",0,7.78
2016,Bulgaria,BGR,Europe,74.81,0.15,9.1,1.01,Norway,5234519,0.16,82.41,0.96,0,0.03,"2,096",0,0.18
2016,Czechia,CZE,Europe,79.03,0.1,10.7,1.02,New Zealand,4714100,0.17,81.61,1,0,17.9,"17,662",0,0.21
2016,Bulgaria,BGR,Europe,74.81,0.15,9.1,0.91,South Africa,56207649,0.18,63.15,0.99,0,0.02,"7,627",0,0.07
2016,Bulgaria,BGR,Europe,74.81,0.15,9.1,1.06,Spain,46484062,0.1,83.33,0.99,0.01,0.08,"2,253",0,0.07
2016,Bulgaria,BGR,Europe,74.81,0.15,9.1,0.96,Sweden,9923085,0.16,82.31,0.97,0,0.02,"1,884",0,0.34
2016,Bulgaria,BGR,Europe,74.81,0.15,9.1,0.93,Switzerland,8373338,0.15,83.6,0.98,0,0.13,"1,336",0,0.14
2016,Czechia,CZE,Europe,79.03,0.1,10.7,0.93,Switzerland,8373338,0.15,83.6,0.99,0,6.88,"1,336",0,0.07
2016,Bulgaria,BGR,Europe,74.81,0.15,9.1,1.07,United States of America,323071755,0.13,78.54,0.98,0.01,0,"4,464",0,8.66
2016,Czechia,CZE,Europe,79.03,0.1,10.7,1.07,United States of America,323071755,0.13,78.54,0.99,0.01,0.26,"4,464",0,0.32
2017,Bulgaria,BGR,Europe,74.81,0.16,9,1.21,Australia,24601860,0.14,82.5,0.98,0,0.05,"15,341",0,0.08
2017,Bulgaria,BGR,Europe,74.81,0.16,9,1.02,Belgium,11375158,0.12,81.49,0.99,0,0.22,"1,698",0,0.41
2017,Czechia,CZE,Europe,78.98,0.11,10.8,1.02,Belgium,11375158,0.12,81.49,1,0,11.63,"1,698",0,0.1
2017,Bulgaria,BGR,Europe,74.81,0.16,9,1.1,Brazil,207833825,0.17,75.46,0.99,0.05,0.02,"9,734",0,0.07
2017,Czechia,CZE,Europe,78.98,0.11,10.8,1.1,Brazil,207833825,0.17,75.46,1,0.05,1.24,"9,734",0,0.05
2017,Bulgaria,BGR,Europe,74.81,0.16,9,1.08,Canada,36545236,0,81.9,0.98,0,0.05,"7,371",0,2.29
2017,Czechia,CZE,Europe,78.98,0.11,10.8,1.08,Canada,36545236,0,81.9,0.99,0,2.41,"7,371",0,6.56
2017,Bulgaria,BGR,Europe,74.81,0.16,9,0.9,Czechia,10594438,0.1,78.98,0.99,0,0.02,"1,065",0,0.23
2017,Bulgaria,BGR,Europe,74.81,0.16,9,0.94,Finland,5508214,0.12,81.63,0.99,0,0.42,"1,946",0,0.07
2017,Bulgaria,BGR,Europe,74.81,0.16,9,1.04,France,66918020,0.1,82.58,1,0,0.04,"1,758",0,1
2017,Czechia,CZE,Europe,78.98,0.11,10.8,1.04,France,66918020,0.1,82.58,1.02,0,2.19,"1,758",0,0.25
2017,Bulgaria,BGR,Europe,74.81,0.16,9,0.95,Germany,82657002,0.11,80.99,0.99,0,0.03,"1,319",0,1.37
2017,Czechia,CZE,Europe,78.98,0.11,10.8,0.95,Germany,82657002,0.11,80.99,1,0,1.57,"1,319",0,7.33
2017,Bulgaria,BGR,Europe,74.81,0.16,9,0.99,Norway,5276968,0.16,82.61,0.96,0,0.03,"2,096",0,0.18
2017,Czechia,CZE,Europe,78.98,0.11,10.8,0.93,New Zealand,4813600,0.17,81.66,1,0,18.17,"17,662",0,0.16
2017,Bulgaria,BGR,Europe,74.81,0.16,9,0.99,Spain,46593236,0.1,83.28,0.99,0.01,0.08,"2,253",0,0.07
2017,Bulgaria,BGR,Europe,74.81,0.16,9,0.88,Slovakia,5439232,0.1,77.17,1,0,1.13,776,0,0.11
2017,Bulgaria,BGR,Europe,74.81,0.16,9,1.03,Sweden,10057698,0.16,82.41,0.97,0,0.02,"1,884",0,0.23
2017,Bulgaria,BGR,Europe,74.81,0.16,9,0.96,Switzerland,8451840,0.15,83.55,0.98,0,0.14,"1,336",0,0.24
2017,Czechia,CZE,Europe,78.98,0.11,10.8,0.96,Switzerland,8451840,0.15,83.55,0.99,0,7.12,"1,336",0,0.07
2017,Bulgaria,BGR,Europe,74.81,0.16,9,0.99,United States of America,325122128,0.14,78.54,0.98,0.01,0.01,"4,464",0,8.23
2017,Czechia,CZE,Europe,78.98,0.11,10.8,0.99,United States of America,325122128,0.14,78.54,0.99,0.01,0.26,"4,464",0,0.38
2018,Czechia,CZE,Europe,79.03,0.11,10.7,0.92,Argentina,44494502,0.13,76.52,1.01,0.01,7.28,"11,934",0,0.05
2018,Czechia,CZE,Europe,79.03,0.11,10.7,0.93,Australia,24982688,0.13,82.75,0.99,0.01,2.65,"15,341",0,0.05
2018,Bulgaria,BGR,Europe,74.96,0.15,8.9,0.87,Belgium,11427054,0.12,81.6,0.98,0,0.22,"1,698",0,0.34
2018,Czechia,CZE,Europe,79.03,0.11,10.7,0.87,Belgium,11427054,0.12,81.6,1,0,11.79,"1,698",0,0.06
2018,Bulgaria,BGR,Europe,74.96,0.15,8.9,1.09,Brazil,209469320,0.16,75.67,0.99,0.05,0.02,"9,734",0,0.07
2018,Czechia,CZE,Europe,79.03,0.11,10.7,1.09,Brazil,209469320,0.16,75.67,1,0.05,1.25,"9,734",0,0.05
2018,Bulgaria,BGR,Europe,74.96,0.15,8.9,1.06,Canada,37065084,0,82.05,0.98,0,0.05,"7,371",0,2.98
2018,Czechia,CZE,Europe,79.03,0.11,10.7,1.06,Canada,37065084,0,82.05,0.99,0,2.42,"7,371",0,5.53
2018,Bulgaria,BGR,Europe,74.96,0.15,8.9,0.8,Finland,5515525,0.12,81.73,0.99,0,0.43,"1,946",0,0.07
2018,Bulgaria,BGR,Europe,74.96,0.15,8.9,0.96,France,67101930,0.1,82.68,1,0,0.04,"1,758",0,1
2018,Czechia,CZE,Europe,79.03,0.11,10.7,0.96,France,67101930,0.1,82.68,1.02,0,2.22,"1,758",0,0.25
2018,Bulgaria,BGR,Europe,74.96,0.15,8.9,0.81,Germany,82905782,0.11,80.89,0.98,0,0.03,"1,319",0,1.32
2018,Czechia,CZE,Europe,79.03,0.11,10.7,0.81,Germany,82905782,0.11,80.89,1,0,1.6,"1,319",0,7.07
2018,Bulgaria,BGR,Europe,74.96,0.15,8.9,0.93,Israel,8882800,0.16,82.8,0.98,0,0.07,"1,602",0,0.07
2018,Bulgaria,BGR,Europe,74.96,0.15,8.9,0.72,Norway,5311916,0.16,82.76,0.96,0,0.03,"2,096",0,0.11
2018,Czechia,CZE,Europe,79.03,0.11,10.7,0.98,New Zealand,4900600,0.16,81.86,1,0,18.15,"17,662",0,0.24
2018,Bulgaria,BGR,Europe,74.96,0.15,8.9,1.07,Serbia and Kosovo: S/RES/1244 (1999),6982604,0.09,75.89,0.99,0.03,0.02,329,0,0.07
2018,Bulgaria,BGR,Europe,74.96,0.15,8.9,0.97,Slovakia,5446771,0.1,77.27,1,0,1.12,776,0,0.11
2018,Bulgaria,BGR,Europe,74.96,0.15,8.9,0.64,Sweden,10175214,0.16,82.56,0.97,0.01,0.02,"1,884",0,0.23
2018,Bulgaria,BGR,Europe,74.96,0.15,8.9,1.07,Switzerland,8514329,0.16,83.75,0.98,0,0.14,"1,336",0,0.11
2018,Czechia,CZE,Europe,79.03,0.11,10.7,1.07,Switzerland,8514329,0.16,83.75,0.99,0,7.14,"1,336",0,0.05
2018,Bulgaria,BGR,Europe,74.96,0.15,8.9,0.99,United States of America,326838199,0.13,78.64,0.98,0.01,0.01,"4,464",0,7.56
2018,Czechia,CZE,Europe,79.03,0.11,10.7,0.99,United States of America,326838199,0.13,78.64,0.99,0.01,0.26,"4,464",0,0.4
2019,Czechia,CZE,Europe,79.23,0.11,10.5,1.14,Argentina,44938712,0.13,76.67,1.01,0.01,7.65,"11,934",0,0.05
2019,Czechia,CZE,Europe,79.23,0.11,10.5,0.83,Australia,25365745,0,82.9,0.99,0,2.68,"15,341",0,0.05
2019,Bulgaria,BGR,Europe,75.11,0.16,8.8,1,Belgium,11488980,0,82,0.98,0,0.23,"1,698",0,0.26
2019,Czechia,CZE,Europe,79.23,0.11,10.5,1,Belgium,11488980,0,82,0.99,0,11.89,"1,698",0,0.06
2019,Bulgaria,BGR,Europe,75.11,0.16,8.8,1.1,Brazil,211049519,0,75.88,0.99,0.05,0.02,"9,734",0,0.07
2019,Czechia,CZE,Europe,79.23,0.11,10.5,1.1,Brazil,211049519,0,75.88,1,0.05,1.28,"9,734",0,0.06
2019,Bulgaria,BGR,Europe,75.11,0.16,8.8,1.04,Canada,37601230,0,82.05,0.98,0,0.05,"7,371",0,2.74
2019,Czechia,CZE,Europe,79.23,0.11,10.5,1.04,Canada,37601230,0,82.05,0.99,0,2.45,"7,371",0,4.66
2019,Bulgaria,BGR,Europe,75.11,0.16,8.8,0.99,France,67248926,0,82.83,1,0,0.04,"1,758",0,1
2019,Czechia,CZE,Europe,79.23,0.11,10.5,0.99,France,67248926,0,82.83,1.02,0,2.25,"1,758",0,0.22
2019,Bulgaria,BGR,Europe,75.11,0.16,8.8,0.88,Germany,83092962,0,81.29,0.98,0,0.03,"1,319",0,1.15
2019,Czechia,CZE,Europe,79.23,0.11,10.5,0.88,Germany,83092962,0,81.29,1,0,1.63,"1,319",0,6.8
2019,Bulgaria,BGR,Europe,75.11,0.16,8.8,0.87,Jordan,10101697,0.1,74.53,0.96,0,3.37,"1,632",0,0.07
2019,Bulgaria,BGR,Europe,75.11,0.16,8.8,1.02,Norway,5347896,0,82.96,0.96,0,0.03,"2,096",0,0.1
2019,Czechia,CZE,Europe,79.23,0.11,10.5,1.05,New Zealand,4979200,0,81.71,1,0,18.3,"17,662",0,0.25
2019,Bulgaria,BGR,Europe,75.11,0.16,8.8,1.05,South Africa,58558267,0.2,64.13,0.99,0,0.02,"7,627",0,0.07
2019,Bulgaria,BGR,Europe,75.11,0.16,8.8,0.94,Slovakia,5454147,0,77.67,1,0,1.13,776,0,0.11
2019,Bulgaria,BGR,Europe,75.11,0.16,8.8,1.05,Sweden,10278887,0,83.11,0.97,0,0.02,"1,884",0,0.3
2019,Bulgaria,BGR,Europe,75.11,0.16,8.8,0.98,Switzerland,8575280,0,83.9,0.98,0,0.14,"1,336",0,0.09
2019,Czechia,CZE,Europe,79.23,0.11,10.5,0.98,Switzerland,8575280,0,83.9,0.99,0,7.27,"1,336",0,0.05
2019,Bulgaria,BGR,Europe,75.11,0.16,8.8,0.92,United States of America,328329953,0,78.79,0.98,0.01,0.01,"4,464",0,7.15
2019,Czechia,CZE,Europe,79.23,0.11,10.5,0.92,United States of America,328329953,0,78.79,0.99,0.01,0.27,"4,464",0,0.43
2020,Czechia,CZE,Europe,78.23,0.12,10.3,0,Argentina,45376763,0,76.81,1.01,0.02,8,"11,934",0,0.05
2020,Czechia,CZE,Europe,78.23,0.12,10.3,0,Australia,25693267,0,83.2,0.99,0,2.52,"15,341",0,0.05
2020,Bulgaria,BGR,Europe,73.61,0.18,8.5,0,Belgium,11544241,0,80.8,0.98,0,0.23,"1,698",0,0.39
2020,Czechia,CZE,Europe,78.23,0.12,10.3,0,Belgium,11544241,0,80.8,0.99,0,11.88,"1,698",0,0.09
2020,Bulgaria,BGR,Europe,73.61,0.18,8.5,0,Brazil,212559409,0,76.08,0.99,0.02,0.02,"9,734",0,0.07
2020,Czechia,CZE,Europe,78.23,0.12,10.3,0,Brazil,212559409,0,76.08,1,0.02,1.25,"9,734",0,0.06
2020,Bulgaria,BGR,Europe,73.61,0.18,8.5,0,Canada,38037204,0,81.75,0.98,0,0.05,"7,371",0,2.18
2020,Czechia,CZE,Europe,78.23,0.12,10.3,0,Canada,38037204,0,81.75,0.99,0,2.43,"7,371",0,3.96
2020,Bulgaria,BGR,Europe,73.61,0.18,8.5,0,France,67379908,0,82.18,1,0,0.04,"1,758",0,1.01
2020,Czechia,CZE,Europe,78.23,0.12,10.3,0,France,67379908,0,82.18,1.02,0,2.3,"1,758",0,0.22
2020,Bulgaria,BGR,Europe,73.61,0.18,8.5,0,Germany,83160871,0,80.94,0.98,0,0.03,"1,319",0,1.14
2020,Czechia,CZE,Europe,78.23,0.12,10.3,0,Germany,83160871,0,80.94,1,0,1.61,"1,319",0,6.6
2020,Bulgaria,BGR,Europe,73.61,0.18,8.5,0,Israel,9215100,0,82.7,0.98,0,0.07,"1,602",0,0.07
2020,Bulgaria,BGR,Europe,73.61,0.18,8.5,0,Jordan,10203140,0,74.66,0.96,0,3.28,"1,632",0,0.07
2020,Bulgaria,BGR,Europe,73.61,0.18,8.5,0,Norway,5379475,0,83.21,0.96,0,0.03,"2,096",0,0.07
2020,Czechia,CZE,Europe,78.23,0.12,10.3,0,New Zealand,5090200,0,82.06,1,0,17.45,"17,662",0,0.17
2020,Bulgaria,BGR,Europe,73.61,0.18,8.5,0,South Africa,59308690,0.2,64.38,0.99,0,0.02,"7,627",0,0.07
2020,Bulgaria,BGR,Europe,73.61,0.18,8.5,0,Slovakia,5458827,0,76.87,1,0,1.13,776,0,0.12
2020,Bulgaria,BGR,Europe,73.61,0.18,8.5,0,Sweden,10353442,0,82.41,0.97,0,0.02,"1,884",0,0.23
2020,Bulgaria,BGR,Europe,73.61,0.18,8.5,0,Switzerland,8636561,0,83.1,0.98,0,0.14,"1,336",0,0.09
2020,Czechia,CZE,Europe,78.23,0.12,10.3,0,Switzerland,8636561,0,83.1,0.99,0,7.01,"1,336",0,0.05
2020,Bulgaria,BGR,Europe,73.61,0.18,8.5,0,United States of America,331501080,0,77.28,0.98,0,0.01,"4,464",0,6.97
2020,Czechia,CZE,Europe,78.23,0.12,10.3,0,United States of America,331501080,0,77.28,1,0,0.26,"4,464",0,0.63
2021,Czechia,CZE,Europe,0,0,0,0,Argentina,45808747,0,0,1.01,0,7.5,"11,934",0,0.05
2021,Czechia,CZE,Europe,0,0,0,0,Australia,25739256,0,0,0.99,0,2.57,"15,341",0,0.05
2021,Bulgaria,BGR,Europe,0,0,0,0,Belgium,11587882,0,0,0.98,0,0.23,"1,698",0,0.25
2021,Czechia,CZE,Europe,0,0,0,0,Belgium,11587882,0,0,0.99,0,11.55,"1,698",0,0.05
2021,Bulgaria,BGR,Europe,0,0,0,0,Brazil,213993441,0,0,0.99,0,0.02,"9,734",0,0.07
2021,Czechia,CZE,Europe,0,0,0,0,Brazil,213993441,0,0,1,0,1.24,"9,734",0,0.06
2021,Bulgaria,BGR,Europe,0,0,0,0,Canada,38246108,0,0,0.98,0,0.05,"7,371",0,1.8
2021,Czechia,CZE,Europe,0,0,0,0,Canada,38246108,0,0,0.99,0,2.4,"7,371",0,3.64
2021,Bulgaria,BGR,Europe,0,0,0,0,France,67499343,0,0,1,0,0.04,"1,758",0,1.01
2021,Bulgaria,BGR,Europe,0,0,0,0,Germany,83129285,0,0,0.98,0,0.03,"1,319",0,1.09
2021,Czechia,CZE,Europe,0,0,0,0,Germany,83129285,0,0,1,0,1.62,"1,319",0,3.82
2021,Bulgaria,BGR,Europe,0,0,0,0,Jordan,10269022,0,0,0.96,0,3.34,"1,632",0,0.07
2021,Bulgaria,BGR,Europe,0,0,0,0,Norway,5408320,0,0,0.96,0,0.03,"2,096",0,0.07
2021,Czechia,CZE,Europe,0,0,0,0,New Zealand,5122600,0,0,1,0,17.24,"17,662",0,0.11
2021,Bulgaria,BGR,Europe,0,0,0,0,Serbia and Kosovo: S/RES/1244 (1999),6844078,0,0,0.99,0,0.02,329,0,0.07
2021,Bulgaria,BGR,Europe,0,0,0,0,Slovakia,5447247,0,0,1,0,1.15,776,0,0.12
2021,Bulgaria,BGR,Europe,0,0,0,0,Sweden,10415811,0,0,0.97,0,0.02,"1,884",0,0.07
2021,Bulgaria,BGR,Europe,0,0,0,0,Switzerland,8697723,0,0,0.98,0,0.14,"1,336",0,0.07
2021,Czechia,CZE,Europe,0,0,0,0,Switzerland,8697723,0,0,0.99,0,6.99,"1,336",0,0.05
2021,Bulgaria,BGR,Europe,0,0,0,0,United States of America,331893745,0,0,0.98,0,0,"4,464",0,6.9
2021,Czechia,CZE,Europe,0,0,0,0,United States of America,331893745,0,0,1,0,0.25,"4,464",0,0.77